Ticket ID,Device,Reported Issue,Event feed / Comments / Conclusions,Completed works
IT-15746,Samsung Galaxy S8,replace screen battery,,
IT-15739,Dell Latitude 3410,prevention,,Hardware prevention of the cooling system (Lev IV: Premium thermal paste)
IT-15735,Apple A2141,"test, it gets very hot, buzzes, some programs don't work.",,
IT-15744,Lenovo Y520-15IKBN,Laptop phase prevention,,Hardware prevention of the cooling system (Lev VI: PCM Phase Transition)
IT-15753,Oppo Ace 2,to reflash,,
IT-15751,Asus UM425I,Laptop prevention,"Conclusion: Preventive maintenance of the laptop and inspection of the main components have been performed. 🧰 Work performed: ✔️ The cooling system has been cleaned. ✔️ A new thermal interface with a phase transition has been installed. ✔️ A control check has been performed after maintenance. ⚠️ Additionally found: ❗ The battery is faulty and needs to be replaced. ❗ The SSD drive has a very long service life, which indicates a significant resource of use. At the moment, we recommend taking this into account and, if possible, making a backup copy of important data in advance. 📄 Conclusion: Preventive maintenance has been performed. 💡 Recommendation: We recommend replacing the battery and continuing to monitor the condition of the SSD drive.",Hardware prevention of the cooling system (Lev VI: PCM Phase Transition)
IT-15755,Lenovo old,replace connector,,
IT-15742,Acer AN515-55,prevention (phase),,Hardware prevention of the cooling system (Lev VI: PCM Phase Transition)
IT-15747,Samsung Galaxy S10+,replace the screen,,
IT-15725,Acer Nitro 5 AN517-54-50ML,prevention phase + gaskets,,Comprehensive heat dissipation restoration (Phase transition PCM + Liquid / thermal pads)
IT-15722,Lenovo Legion 5 15ACH6H,"diagnose, do prevention, phase + gaskets",,Hardware prevention of the cooling system (Lev VI: PCM Phase Transition)
IT-15694,Redmi Redmi Note 8 2021,Not charging,,Restoring the device with functional diagnostics
IT-15699,Acer Nitro 5 AN517-54-54ZU,"prophylactic, phase + gaskets",,Comprehensive heat dissipation restoration (Phase transition PCM + Liquid / thermal pads)
IT-15692,Xiaomi Redmi 9C (NFC),Not charging,,"Component replacement of the system connector (Type-C / Lightning and others) of a mobile device, Gluing a hydrogel film on a smartphone (screen)"
IT-15691,STM32 Black,solder contacts,,
IT-15670,Realme RMX3630,The sensor is not working.,,
IT-15741,attack shark x11,the wheel is not working,,Restoring the device with functional diagnostics
IT-15669,Wibrand 512g,SSD is not working,,
IT-15687,Lenovo IdeaPad 3 15MN05,"Laptop prevention, and the Wi-Fi driver crashed",,Hardware prevention of the cooling system (Lev IV: Premium thermal paste)
IT-15647,Redmi Redmi Note 8 2021,Not charging,,
IT-15665,Hp Pavilion 15-eg007cl,Laptop prevention (possibly with pads),,Hardware prevention of the cooling system (Lev VI: PCM Phase Transition)
IT-15664,Samsung Galaxy Tab A9+,not charging,,
IT-15640,Samsung SM-S918B/DS,Does not turn on,,Restoring the device with functional diagnostics
IT-15637,Samsung Galaxy Tab A 10.1 (2016),"Replacing the socket + the display does not work, the sensor responds",,
IT-15638,Samsung Galaxy Tab A 10.1 (2016),"Not charging, connector",,
IT-15636,Acer Nitro 5 AN515-44,Cleaning and adding RAM,,"Hardware upgrade of RAM (SO-DIMM/DIMM) with timing selection, Comprehensive heat dissipation restoration (PCM Phase Transition + Liquid / Thermal Pads)"
IT-15620,Redmi Redmi 2409BRN2CY,Forgot your password + look at the NSF,,
IT-15613,Pocketbook Pro 902,Faulty power button,,
IT-15618,Hp 15-db0421ur,battery replacement,,"Original HP laptop battery, Hardware cooling system prevention (Lev IV: Premium thermal paste)"
IT-15607,Samsung Galaxy A06,"Completely froze and turned off, then only the logo",,Restoring the device with functional diagnostics
IT-15609,Samsung Galaxy S11,Does not turn on,,Restoring the device with functional diagnostics
IT-15611,Gigabyte AERO 16,Prevention,,Hardware prevention of the cooling system (Lev VI: PCM Phase Transition)
IT-15597,Vivo Y33s,Module replacement + middle film,,"Gluing a hydrogel film to a smartphone (screen), Modular replacement of the display unit of a smartphone/tablet with restoration of sealing"
IT-15598,Xiaomi Redmi Note 9S,Unlock + factory reset,,
IT-15594,Marshall Major 4,after water,,
IT-15612,Marshall Major 5,Turns on and off,,Restoring the device with functional diagnostics
IT-15605,Xiaomi Redmi Note 8 Pro (M1906G7G),Battery replacement,,Replacement of the battery (battery) of a mobile device with restoration of the thermal interface
IT-15581,Samsung Galaxy S21 5G,Battery replacement,,Replacement of the battery (battery) of a mobile device with restoration of the thermal interface
IT-15569,MSI Summit E13 Flip Evo,The sound doesn't work and it gets hot.,,
IT-15591,Asus FA507NV,Prevention,,Comprehensive heat dissipation restoration (Phase transition PCM + Liquid / thermal pads)
IT-15570,Apple A1706,"battery replacement, customer battery",,
IT-15579,Apple 13 Pro,drowning. fell,,In-depth device diagnostics with partial disassembly
IT-15565,Apple iPhone 12 Pro,Battery Replacement - Original,,"Hardware initialization (forced start) of the battery with recovery from a deep discharge state, Re-soldering of the display chip iPhone 12 /12 Pro (without repair history), Replacement of the glass iPhone 12 / 12 Pro (complete set with frame and glass)"
IT-15553,Asus G834J,"prevention, liquid metal + gaskets",,Ultimate comprehensive heat dissipation restoration (Liquid Metal + Liquid Thermal Pads)
IT-15560,Apple iPhone XR,"Module replacement, Module replacement",,Modular replacement of the display unit of a smartphone/tablet with sealing restoration
IT-15555,Asus G513RM-HFO94,Laptop prevention,,
IT-15561,Alldocube T1012,Not charging,,Component replacement of the system connector (Type-C / Lightning and others) of a mobile device
IT-15547,Samsung NP300E5C,cleaning,,Hardware prevention of the cooling system (Lev II: Standard thermal paste)
IT-15546,Samsung SM-A325F,won't turn on. interrupted,"Notes: As a result of in-depth hardware diagnostics of the system board, the display module was not initialized and the device's startup logic was unstable (a spontaneous transition to an emergency low-level boot mode was recorded). The nature of the malfunction indicates a critical hardware failure - most likely, there was a degradation of the graphics core (GPU) inside the central processor or an internal break in the conductors in the layers of the system board itself (microcracks). Given the current state, complex component repair at the level of restoring or replacing the central processor is high-risk and economically impractical; to restore the smartphone's performance, a complete replacement of the system board is recommended. Conclusion: As a result of in-depth hardware diagnostics of the system board, the display module was not initialized and the device's startup logic was unstable (a spontaneous transition to an emergency low-level boot mode was recorded). The nature of the malfunction indicates a critical hardware failure - most likely, there was a degradation of the graphics core (GPU) inside the central processor or an internal break in the conductors in the layers of the system board itself (microcracks). Given the current state, complex component repair at the level of restoring or replacing the central processor is high-risk and economically impractical; to restore the smartphone's performance, a complete replacement of the system board is recommended.",In-depth device diagnostics with partial disassembly
IT-15529,Sony WH-1000XM3,stopped turning on,"Notes: 🧾 Diagnostic result: During diagnostics, it was found that the motherboard was deformed (bent), which caused unstable contacts and periodic loss of connection between the board components. 🔧 Work performed: • the motherboard geometry was restored; • the board was locally warmed up to restore unstable contact connections; • the startup and basic functions of the headphones were checked. ✅ Result: The headphones turn on and work correctly, the unstable contact has been eliminated. The device is ready for delivery. Conclusion: 🧾 Diagnostic result: During diagnostics, it was found that the motherboard was deformed (bent), which caused unstable contacts and periodic loss of connection between the board components. 🔧 Work performed: • the motherboard geometry was restored; • the board was locally warmed up to restore unstable contact connections; • the startup and basic functions of the headphones were checked. ✅ Result: The headphones turn on and work correctly, the unstable contact is eliminated. The device is ready for delivery.",Restoring the device with functional diagnostics
IT-15524,Oukitel WP12,restore phone,,Restoring the device
IT-15537,Lenovo Legion Pro 7,not working,,Hardware prevention using liquid metal (Level 2: CPU + GPU)
IT-15523,Asus G513IC,Laptop maintenance (liquid) to see why the cooler is knocking,,"Ultimate comprehensive heat dissipation restoration (Liquid Metal + Liquid Thermal Pads), CPU + GPU Fan (Cooler) for Asus"
IT-15527,Lenovo Lenovo TB-X606X,module replacement,,In-depth device diagnostics with partial disassembly
IT-15514,Samsung Galaxy S23 Ultra,"You need to replace the back cover and screen, just the glass without the sensor, clean the front camera from dust, and replace or clean the charging connector, as the cord has stopped holding.",,"Applying Premium hydrogel film to a smartphone, Samsung cover replacement"
IT-15521,Asus G513IM-HN002,"prophylactic (liquid) possible gaskets, blow and clean the keyboard",,Ultimate comprehensive heat dissipation restoration (Liquid Metal + Liquid Thermal Pads)
IT-15509,Google Pixel 7 Pro,Flashlight and speaker not working,,
IT-15505,Apple a1707,"It doesn't charge, we changed the AC adapter.",,
IT-15520,Hp Victus Gaming Laptop 16,"preventive maintenance (phase) possible gaskets, blow and clean the keyboard",,Comprehensive heat dissipation restoration (Phase transition PCM + Liquid / thermal pads)
IT-15494,Lenovo Legion 5 15IMH05,"prevention, phase (possibly gaskets too)",,Hardware prevention of the cooling system (Lev VI: PCM Phase Transition)
IT-15490,Lenovo TB132FU,"does not work, when turned on, it freezes during loading",,In-depth device diagnostics with partial disassembly
IT-15495,Asus FA506NC,Cleaning,,Comprehensive heat dissipation restoration (Phase transition PCM + Liquid / thermal pads)
IT-15476,Acer Aspire 3 A315-41,Does not turn on,,"Integration of a new keyboard into the laptop top case (thermal sealing of plastic rivets), Hardware prevention of the cooling system (Lev VI: Phase transition PCM), Keyboard for ACER laptop"
IT-15478,Samsung Galaxy Tab S2 9.7,"Doesn't turn on, holds charge poorly",,
IT-15472,Samsung SM-T211,"It doesn't turn on, the information on it is very expensive",,Hardware initialization (forced start) of the battery with recovery from a deep discharge state
IT-15468,Dell Precision 7750,"prevention, test RAM",,Dell Laptop Service
IT-15470,Acer Nitro V 15 ANV15-41,"Laptop prevention, cleaning, Phase",,Hardware prevention of the cooling system (Lev VI: PCM Phase Transition)
IT-15466,Apple A2289,Laptop prevention,,Hardware prevention of the cooling system (Lev VI: PCM Phase Transition)
IT-15503,Samsung Samsung SM-A245F/DSN,not charging,"Conclusion: During the test, the smartphone is detected by the computer in emergency mode: Qualcomm 9008 The device does not undergo normal initial initialization. According to the diagnostic results, there are signs of a violation of the BGA contact of the processor and/or memory chip. 🧪 Technical explanation: To further search for a malfunction, it is necessary to gradually dismantle and resolder several main microcircuits - the processor, RAM and permanent memory. It is impossible to accurately identify the faulty microcircuit without such intervention. The work would have to be performed alternately, in fact, by the exclusion method, without a guarantee of a positive result. Even after reballing, the smartphone may not work if one of the microcircuits has internal damage. 📄 Conclusion: ❌ No repair. Due to the need for complex BGA intervention in several microcircuits at once, high risks and the lack of a guarantee of the result, the repair is considered technically and economically inexpedient. The smartphone is returned without performing repair work.",In-depth device diagnostics with partial disassembly
IT-15455,Acer EUN314-51WG-584F,Not charging,,
IT-15450,Acer An515-58-54JG,"Laptop prevention, phase",,Comprehensive heat dissipation restoration (Phase transition PCM + Liquid / thermal pads)
IT-15444,Samsung SM-M515F,"It was freezing, the screen didn't work well.",,Restoring the device with functional diagnostics
IT-15473,Google Pixel 7,soft lock,,
IT-15441,Hp ProBook 450 G7,keyboard replacement,,"Integration of a new keyboard into the laptop top case (thermal sealing of plastic rivets), Hardware prevention of the cooling system (Lev IV: Premium thermal paste)"
IT-15433,Apple iPhone 11,"Display replacement, bottom part not working",,"Courier delivery in the city, Replacement of the display (module) of a smartphone/tablet/navigator"
IT-15434,Xiaomi MI 10t Pro,card slot not working replacement of back cover,,Restoring the device with functional diagnostics
IT-15430,Armor 8,"resolder the socket, it charges fine",,Restoring the device with functional diagnostics
IT-15432,Asus FA507UI,Prevention,,"Cleaning, preventive maintenance of the cooling system, replacement of phase transition thermocouples (factory) (lev VII)"
IT-15428,Motorola G72,"Flooded in the river, won't turn on","Conclusion: During the disassembly of the smartphone, significant consequences of prolonged contact with water were revealed. There is severe corrosion on the internal components, and some of the connectors and contact connections are almost completely destroyed by oxidation. 🧪 Technical explanation: After the device gets into water, corrosion continues to spread even after drying. It damages: • connectors and contact pads; • cables and small elements of the board; • conductive tracks; • system nodes of the smartphone. In this case, the damage is complex. An attempt at restoration would require the replacement of a significant number of components and complex repair of the system board without a guarantee of a stable result. 📄 Conclusion: ❌ No repair. The connectors and some of the contact connections are destroyed by corrosion. Given the scale of the damage, the cost and risks of repair, restoring the smartphone is economically inexpedient.",
IT-15446,Redmi 15c 25078RA3EE,"Replacing the module, and see why it's so stupid",,Modular replacement of the display unit of a smartphone/tablet with sealing restoration
IT-15421,Meizu m6 note,"Water got in, stopped charging",,
IT-15418,Asus Black,extend the cable +- 70 cm,,Restoring the integrity of the power cord with replacement of the plug (with heat-shrink insulation)
IT-15414,Apple 11,battery replacement,,"Spare part delivery by Nova Poshta, Replacement of the battery (battery) of a mobile device with restoration of the thermal interface, Cleaning the power connector from foreign elements"
IT-15440,Dell Inspiron 15 7000 Gaming,prevention and recovery of wasps,,
IT-15459,ASUS ASUS I006D,does not turn on.,,In-depth device diagnostics with partial disassembly
IT-15427,Keychron Q3,"It doesn't turn on, the button is stuck",,Keyboard repair
IT-15406,Apple iPad 5 A2348,"Initial problem: the tablet was not charging normally; when connecting to USB-C charging, the low battery icon periodically appeared, then the cable icon, after which the screen turned off - the cycle repeated; via the Magic Keyboard, the tablet could previously turn on, but showed 1% charge and then turned off; the battery was not charging. What has already been checked and done: checked with another working USB-C cable; checked with a 61W USB-C Power Delivery charging adapter; performed a forced restart; checked charging directly via USB-C and via the Magic Keyboard; installed another, pre-charged battery. Result after replacing the battery: the iPad turned on and works stably with a new battery; the system constantly shows only 1%, although the battery is actually charged; the battery does not charge; replacing the battery did not solve the problem",,
IT-15422,Samsung NP550P7C,"Laptop maintenance, cleaning",,Hardware prevention of the cooling system (Lev III: Professional thermal paste)
IT-15393,Asus X571gt,"Cleaning, Prevention, Phase",,Hardware prevention of the cooling system (Lev VI: PCM Phase Transition)
IT-15408,ASUS K3500P,"Something is cracking with the coolers, I need to clean them.",,"Comprehensive heat dissipation restoration (PCM Phase Transition + Liquid / Thermal Pads), Composite restoration of the geometry and integrity of the device case (restoration of plastic / metal elements), Original fan for ASUS VivoBook laptop (GPU FAN), Original fan for ASUS VivoBook laptop (CPU FAN), Spare part delivery by Nova Poshta"
IT-15400,Apple 14 pro max,back cover replacement,,Restoring the device with functional diagnostics
IT-15391,Lenovo ideaPad S540-14IWL,does not connect to the monitor,,
IT-15389,Asus G713,"Laptop maintenance, cleaning.",,Ultimate comprehensive heat dissipation restoration (Liquid Metal + Liquid Thermal Pads)
IT-15370,Samsung Galaxy A20,"does not turn on, battery",,In-depth device diagnostics with partial disassembly
IT-15363,Acer Aspire 5 A515-57,Microphone not working,,
IT-15386,Asus Vivobook K1703Z,"prevention, replacement of thermal paste",,Comprehensive heat dissipation restoration (Phase transition PCM + Liquid / thermal pads)
IT-15372,Asus FX506HC,install plugins,,Installing graphics software
IT-15357,Lenovo Ideapad Gaming 3 16ARH7,"laptop cleaning, phase, thermal pads",,Hardware prevention of the cooling system (Lev VI: PCM Phase Transition)
IT-15385,Acer Aspire E1-522,speakers not working,,"Component repair of the TV audio system (Class-D amplifier) / replacement of speakers, delivery of spare parts by Nova Poshta"
IT-15368,Hp Victus 15-fb1002ua,Laptop prevention,,Comprehensive heat dissipation restoration (Phase transition PCM + Liquid / thermal pads)
IT-15355,Samsung A725,"The phone screen was hanging, they took it to another service for repair, replaced the screen module - it stopped working altogether, they found a problem in the motherboard, it doesn't work",,Deep hardware diagnostics of a mobile device with disassembly on a laboratory unit
IT-15354,Apple iPhone 14 Pro,battery replacement,"Conclusion: During the disassembly of the device, it was discovered that the battery cable had traces of corrosion, so for a high-quality and reliable repair, it also had to be replaced. 🧰 Work performed: ✔️ Replacement of the battery. ✔️ Replacement of the cable damaged by corrosion. ✔️ Setting up and checking the operation of the new battery. ✔️ Control testing of charging and smartphone operation. 🧪 Technical explanation: Damage to the cable could cause unstable battery operation, charging problems, or incorrect battery detection by the system. After replacing the cable and battery, the smartphone correctly detects the new battery - there is no system message about an unknown part or battery error. 📄 Conclusion: ✔️ The battery has been replaced. ✔️ The cable with corrosion has been replaced. ✔️ There are no battery errors. ✔️ The smartphone is working properly.",
IT-15352,Acer E5-575G,white screen,,"Hardware prevention of the cooling system (Lev IV: Premium thermal paste), Matrix 15.6 1920*1080, 30pin eDP, IPS, LED, SLIM, matte, for laptop, Basic replacement of the matrix (LCD/OLED display) of the laptop (WITHOUT EDID firmware), Delivery of the spare part by Novaya Poshta"
IT-15342,MSI Thin 15 B12UCX,"Prevention, phase, liquid thermal pads",,Hardware prevention of the cooling system (Lev VI: PCM Phase Transition)
IT-15337,Lenovo ThinkPad X1 Carbon,"Turns off when plugged in, drops from 100% to 20% and turns off",,
IT-15335,Samsung Galaxy A02,acb,,
IT-15339,MSI MS-16UB,"Cleaning, prevention",,Comprehensive heat dissipation restoration (Phase transition PCM + Liquid / thermal pads)
IT-15328,Lenovo LOQ 16APH8,"The central part of the keyboard is flooded with streaks, the keyboard is working.",,
IT-15320,Motorola Motorola XT2535-14,"Display replacement, cracked",,
IT-15331,Acer A315-58,acb,,Replacing the internal battery (battery) of a laptop (without repackaging)
IT-15317,Asus TUF Gaming A15 FA507NU,"Diagnose the power button, it doesn't turn on well, phase",,"Hardware prevention of the cooling system (Lev VI: Phase transition PCM), Precision hardware restoration of the system board, motherboard (component microsoldering of BGA/SMD elements and logic)"
IT-15306,Apple 12,"Replace the module, copy all the photos to the flash drive",,Complex replacement of the matrix (LCD/OLED) of a laptop WITH FIRMWARE (hardware programming) of the EDID code
IT-15313,OUKITEL Black,"After arrival, the screen crumbled, save the data, repair, agree on the cost",,"Restoring the geometry of the smartphone/tablet case (straightening the metal frame), Modular replacement of the smartphone/tablet display unit with sealing restoration"
IT-15308,Dell Inspiron 3580,"Prevention, cleaning, fan is noisy, diagnose",,"Hardware prevention of the cooling system (Lev VI: Phase transition PCM), Original fan for the DELL INSPIRON 3580 laptop, Delivery of the spare part by Nova Poshta, SSD drive M.2 2280 256GB Caiman Wibrand (WIM.2SSD/CA256GB), Memory module for the laptop SoDIMM DDR4 8GB 3200 MHz, Windows recovery ""turnkey"" + Comprehensive online maintenance of the OS and software for 3 months"
IT-15316,Samsung Galaxy A20e,Not unlocking,,
IT-15284,Pocketbook PB617,Does not turn on,,Component replacement of the system connector (Type-C / Lightning and others) of a mobile device
IT-15285,Sony CFI-ZCT1W,"Buttons are sticking, clean them",,
IT-15275,Samsung Galaxy S22 Ultra 5G,Battery replacement,,"Courier delivery around the city, Replacement of the battery (battery) of a mobile device with restoration of the thermal interface, Urgent repair out of turn"
IT-15276,Acer A315-34,Keyboard replacement,"Conclusion: In this model, the keyboard is not screwed with separate screws, but is soldered / welded into the top case from the factory with plastic rivets. Since this is not the first keyboard replacement on this laptop, some of the factory plastic rivets have already been cut or lost their normal shape after previous dismantling. In order for the new keyboard to fit evenly, tightly to the case and not move away during use, it was necessary to perform repeated thermal fastening - in fact, to weld new fixing points into the top case itself. ⚠️ Because of this, in some places on the top case there were small traces of heating / “pimples” from the sting. This is not a consequence of an incorrectly performed previous replacement, but is a design feature of this type of keyboard fastening. When re-replacing, you always have to partially sacrifice the appearance of the internal fastening zones in order to ensure reliable fixation of the keyboard. If this were not done, the keyboard could not hold well, move away from the case, or simply fall off over time. 📄 Conclusion: ✔️ The keyboard has been replaced. ✔️ The keyboard connector has been restored. ✔️ The keyboard is working properly. ✔️ The keyboard mount has been restored as reliably as possible, taking into account the design of the laptop. ⚠️ Minor traces of thermal restoration on the top case are a consequence of the design features of the mount and repeated replacement of the keyboard.","Integration of a new keyboard into the laptop top case (thermal sealing of plastic rivets), Keyboard for ACER laptop (SW: SF315-51) rus, black, without frame (original)"
IT-15278,Zonerich ZQ-T8356L,"Diagnose, it doesn't turn on, most likely the processor is heating up",,Ordering a motherboard and replacing it in a POS terminal
IT-15267,Redmi Redmi Note 13 Pro+,"Diagnose, reboot",,Restoring the device with functional diagnostics
IT-15269,Samsung SM-A546E,"It wasn't charging, the service center changed the charging cable, and they found a fault in the motherboard.",,In-depth device diagnostics with partial disassembly
IT-15271,Apple 11,Display,,Modular replacement of the display unit of a smartphone/tablet with sealing restoration
IT-15261,Acer a22001,"Dropped the tablet (7 year old child), it doesn't charge, doesn't turn on, diagnose","Notes: 🧾 Work performed: • a full diagnostics of the device was performed; • the power supply circuits and the reaction to connecting the charger were checked; • a known-good module was installed to rule out a display module malfunction; • the motherboard was diagnosed. 🧾 Diagnostic result: During the check, it was found that the display module is not the cause of the malfunction — the tablet also does not start with a known-good module. The device is detected by the computer in Qualcomm HS-USB QDLoader 9008 mode, which indicates a critical malfunction at the system board level. Most likely, the impact caused a violation of the BGA connections (contact separation) of the processor or memory chip. ❌ Conclusion: The malfunction is hardware in nature and is related to the motherboard. To restore operability, complex BGA operations are required, which do not guarantee a positive result and are economically inexpedient. The tablet was issued after diagnostics without performing repair work. Conclusion: 🧾 Work performed: • a full diagnostics of the device was performed; • the power supply circuits and the reaction to connecting the charger were checked; • a known-good module was installed to rule out a display module malfunction; • the motherboard was diagnosed. 🧾 Diagnostic result: During the check, it was found that the display module is not the cause of the malfunction — the tablet also does not start with a known-good module. The device is detected by the computer in Qualcomm HS-USB QDLoader 9008 mode, which indicates a critical malfunction at the system board level. Most likely, the impact caused a violation of the BGA connections (contact separation) of the processor or memory chip. ❌ Conclusion: The malfunction is hardware in nature and is related to the motherboard. To restore operability, complex BGA operations are required, which do not guarantee a positive result and are economically inexpedient. The tablet was issued after diagnostics without performing repair work.",In-depth device diagnostics with partial disassembly
IT-15264,Asus GL703VD,"Phase, hangs, sometimes makes noise, look at Windows",,"Fan for Asus ROG Strix GL703VD, Spare part delivery by Nova Poshta, Hardware prevention of the cooling system (Lev VI: Phase transition PCM)"
IT-15286,Sony CFI-ZCT1W,"Buttons are sticking, clean them",,
IT-15259,Samsung Galaxy A05s,"Filled with alcohol, won't turn on",,
IT-15257,Samsung Galaxy M31s,Diagnose,,
IT-15251,Lenovo TB-X104F,Does not turn on,,
IT-15249,Redmi Note 13,Camera glass replacement,,
IT-15242,Apple 13 pro max,Display replacement,,
IT-15235,Apple iPhone XR,Display replacement,,
IT-15232,Google Pixel 6,Checking for serviceability,,
IT-15228,Hp Pavilion 15-ec2020ua,10 watts of thermal paste,,
IT-15229,Lenovo TB328FU,"It only charges to 56%, the charging is coming out of the connector, replace the connector, look at the battery",,
IT-15227,Google Pixel 7 PRO,"Display, seven tray",,
IT-15226,Redmi 24117RN76E,"Restarts on its own, diagnose",,Restoring the device with functional diagnostics
IT-15225,HP 15-da0320ur,ssd + os,,"Western Digital Green SN3000 2280 PCIe 4.0 x4 NVMe 500GB SSD, Turnkey Windows Recovery + Comprehensive online OS and software maintenance for 3 months, Hardware prevention of the cooling system (Lev III: Professional thermal paste), Data recovery after virus infection"
IT-15212,Acer AN515-58,"It started to warm up, phase",,Comprehensive heat dissipation restoration (Phase transition PCM + Liquid / thermal pads)
IT-15204,Apple iPhone XS Max,"The display does not work, diagnose, replace",,Modular replacement of the display unit of a smartphone/tablet with sealing restoration
IT-15206,Asus FX706HF,Prevention,,Hardware prevention of the cooling system (Lev VI: PCM Phase Transition)
IT-15193,Redmi 23124RA7EO,Battery replacement,,"Courier delivery in the city, Replacement of the battery (battery) of a mobile device with restoration of the thermal interface"
IT-15194,Samsung Galaxy A52 4G,"The phone fell to the floor with the charging part (there is a crack). If you put it on charging and hold the side buttons, it vibrates. The alarm goes off at 8 in the morning, but the screen doesn't light up. If possible, replace the glass and back cover, because it keeps coming off and cracking. Do not format or reset to factory settings.",,Modular replacement of the display unit of a smartphone/tablet with sealing restoration
IT-15190,Samsung Galaxy M33 5G,The screen suddenly turned off.,"Notes: 🧾 Work performed: • motherboard diagnostics were performed; • display module power lines were checked; • charging connector was replaced (replaced), since the device also did not respond to connecting the charger; • after replacing the charging connector, the charging function was restored; • analysis of the operation of the video signal generation and display power supply unit was performed. 🧾 Diagnostic result: After resuming charging, the smartphone began to receive power correctly, but the image on the display did not appear. Diagnostics showed a malfunction of the display power supply PWM controller (Display PMIC / Display PWM Controller), which generates the necessary voltages for the screen and video output unit. The display module itself is not the cause of the malfunction - the problem is at the motherboard level and is related to the video signal generation circuits. ❌ Conclusion: The necessary microcircuit is not available from suppliers, so it is currently impossible to perform repairs in our service center. The only real way to further check and possibly restore is to substitute a working chip from a working donor and retest the video output node. At the moment, repairs are not being performed due to the lack of the necessary spare part. The device was issued after diagnostics without performing repair work. Conclusion: 🧾 Work performed: • diagnostics of the motherboard were performed; • power lines of the display module were checked; • replacement (substitution) of the charging connector was performed, since the device also did not respond to connecting the charger; • after replacing the charging connector, the charging function was restored; • analysis of the operation of the video signal formation and display power unit was performed. 🧾 Diagnostic result: After resuming charging, the smartphone began to receive power correctly, but the image on the display never appeared. Diagnostics showed a malfunction of the display power PWM controller (Display PMIC / Display PWM Controller), which generates the necessary voltages for the operation of the screen and the video output node. The display module itself is not the cause of the malfunction - the problem is at the motherboard level and is associated with the video signal generation circuits. ❌ Conclusion: The necessary microcircuit is not available from suppliers, so it is currently impossible to perform repairs in our service center. The only real way to further check and possibly restore is to substitute a working microcircuit from a working donor and retest the video output node. At the moment, repairs are not being performed due to the lack of the necessary spare part. The device was issued after diagnostics without performing repairs.",In-depth device diagnostics with partial disassembly
IT-15207,Dell Precision 7670,"Cooler replacement, loud noise",,"Device recovery with functional diagnostics, Hardware prevention of the cooling system (Lev VI: PCM Phase Transition)"
IT-15218,Dell Precision 5530,"Prevention, phase, is there no flooding on the board?",,Hardware prevention of the cooling system (Lev VI: PCM Phase Transition)
IT-15203,Lenovo Ideapad gaming 3 15ACH6,"Some keys do not work, phase",,"Keyboard for LENOVO laptop (Legion: 5-15 series), rus, black, without frame, key backlight, Spare part delivery by Nova Poshta, Hardware prevention of the cooling system (Lev VI: Phase transition PCM), Integration of the new keyboard into the laptop top case (thermal sealing of plastic rivets)"
IT-15200,Redmi 10c,Diagnose (water ingress or impact),"Notes: 🧾 Work performed: • the device was completely disassembled; • the motherboard was diagnosed; • the components were inspected for mechanical damage and traces of liquid exposure; • the main power lines were checked. 🧾 Diagnostic result: During the inspection, significant damage to the motherboard was detected due to corrosion. A large number of electronic components and contact pads were oxidized and destroyed, which is why the device does not fully respond to connecting the charger and trying to turn it on. ❌ Conclusion: The extent of the damage is critical. To restore operability, it is necessary to perform large-scale repairs with the replacement of a large number of components, but even in this case, a successful result cannot be guaranteed. Given the extent of the damage and the cost of possible work, repairs are economically inexpedient. The device was issued after diagnostics without performing repairs. Conclusion: 🧾 Work performed: • the device was completely disassembled; • the motherboard was diagnosed; • the components were inspected for mechanical damage and traces of liquid exposure; • main power lines checked. 🧾 Diagnostic result: During the inspection, significant damage to the motherboard due to corrosion was detected. A large number of electronic components and contact pads have been oxidized and destroyed, which is why the device does not fully respond to connecting the charger and trying to turn it on. ❌ Conclusion: The extent of the damage is critical. To restore operability, it is necessary to perform large-scale repairs with the replacement of a large number of components, but even in this case it is impossible to guarantee a successful result. Given the extent of the damage and the cost of possible work, repairs are economically inexpedient. The device was issued after diagnostics without performing repairs.",
IT-15198,Samsung a70,"does not turn on, does not charge",,"Courier delivery around the city, Component replacement of the system connector (Type-C / Lightning and others) of a mobile device"
IT-15188,Hp Pavilion Laptop 15,"Cleaning, phase",,Hardware prevention of the cooling system (Lev VI: PCM Phase Transition)
IT-15189,HP 15,"Cleaning, phase",,Hardware prevention of the cooling system (Lev VI: PCM Phase Transition)
IT-15187,Lenovo Legion 5 15IAH7,"Phase, cleaning",,"Hardware prevention of the cooling system (Lev VI: Phase transition PCM), 7. 💨 Cleaning, prevention of the cooling system (replacement of thermoelements)"
IT-15185,Pocketbook PB615,Does not turn on,,Hardware initialization (forced start) of the battery with recovery from a deep discharge state
IT-15186,Xiaomi 21081111RG,Transfer data from old to new,,
IT-15170,HP 15,Cleaning,,Hardware prevention of the cooling system (Lev VI: PCM Phase Transition)
IT-15171,Apple A2337,Poured with wine,,Component restoration of a laptop/PC motherboard after electrochemical corrosion (liquid spillage)
IT-15163,Emashines E528,"It overheats, it turns off because of this, cleaning, prevention, look at the battery",,Hardware prevention of the cooling system (Lev IV: Premium thermal paste)
IT-15161,Dell Inspiron 7706 2-in-1,"Phase, Svyatoslav should raise the phase",,
IT-15166,Hp Victus 16,phase transition,,Comprehensive heat dissipation restoration (Phase transition PCM + Liquid / thermal pads)
IT-15176,Hp 15s-fq2037na,"Cleaning, 12 watt thermal paste",,Hardware prevention of the cooling system (Lev IV: Premium thermal paste)
IT-15158,Asus K53S,Keyboard replacement,,
IT-15156,Asus Pink,"Diagnose, shows charged but does not turn on, button defect",,Restore the ON/OFF button
IT-15153,Xiaomi Redmi Note 14 4G,Reset password,,Restoring the device with functional diagnostics
IT-15154,Lenovo Black,Diagnose,,
IT-15151,Dell E7250,Freezes,"Notes: 🧾 Reason for the request identified: The laptop periodically freezes during operation. 🧾 Work performed: • diagnostics of the motherboard and main components were performed; • visual inspection of internal components was performed; • the technical condition of the device and the possibility of its restoration were assessed. 🧾 Diagnostic result: During disassembly, it was found that the laptop had previously been significantly exposed to liquid. Numerous traces of corrosion and oxidation were found on the motherboard and other components. In addition, the device has mechanical damage, indicating long-term operation after flooding. ❌ Conclusion: The technical condition of the laptop is critical. Due to significant damage from flooding, corrosion of electronic components and the general degree of wear and tear, performing repairs is economically inexpedient. The cost of possible restoration will exceed the feasibility of such repairs, and its result cannot be guaranteed. The laptop was issued after diagnostics without performing repairs. Conclusion: 🧾 Reason for the request identified: The laptop periodically freezes during operation. 🧾 Work performed: • diagnostics of the motherboard and main components were performed; • visual inspection of internal components was performed; • the technical condition of the device and the possibility of its restoration were assessed. 🧾 Diagnostic result: During disassembly, it was found that the laptop had previously been significantly exposed to liquid. Numerous traces of corrosion and oxidation were found on the motherboard and other components. In addition, the device has mechanical damage, indicating long-term operation after flooding. ❌ Conclusion: The technical condition of the laptop is critical. Due to significant damage from flooding, corrosion of electronic components and the general degree of wear and tear, performing repairs is economically inexpedient. The cost of possible restoration will exceed the feasibility of such repairs, and its result cannot be guaranteed. The laptop was issued after diagnostics without performing repairs.",
IT-15144,Redmi Note 9 pro,"Back cover, battery, display, protective film",,"Gluing a hydrogel film on a smartphone (screen), Restoring the inter-board cable and the inter-board cable connector on the system board, Restoring the device with functional diagnostics"
IT-15143,Lenovo V15-IIL,"It gets very hot, phase, look at the cooler, some keys ESC, F4, F5, F6 do not work",,Hardware prevention of the cooling system (Lev VI: PCM Phase Transition)
IT-15138,Acer Aspire 7 A715-42G,"Cleaning, prevention, uninstalling Avast and changing WPS to Word, when inserting the media (SSD), the screen went half-dark and froze, 2 times it suddenly froze, look at DaVinci Resolve - it doesn't turn on",,"Hardware prevention of the cooling system (Lev VI: PCM Phase Transition), Uninstallation of the application (1 pc.)"
IT-15149,Lenovo ThinkBook 16 G6 IRL,"Cleaning, thermal paste, the cooler whistles",,Hardware prevention of the cooling system (Lev VI: PCM Phase Transition)
IT-15140,Samsung Galaxy Tab A7 Lite,The display sensor is unresponsive,,"Modular replacement of the display unit of a smartphone/tablet with restoration of sealing, Courier delivery around the city"
IT-15125,Lenovo Gray,"WiFi not working, driver installation",,
IT-15124,Asus G513IE,"Diagnose, problem with WiFi, replace, hasn't been serviced for 2 years, check if thermal interfaces need to be changed",,Ultimate comprehensive heat dissipation restoration (Liquid Metal + Liquid Thermal Pads)
IT-15139,MSI Katana GF66,"Cleaning, thermal paste, urgent",,"Hardware prevention of the cooling system (Lev VI: PCM Phase Transition), 3. ⚡ Urgent repairs without a queue"
IT-15116,Lenovo Legion 5,Does not turn on + full phase prevention + liquid thermal pads,,"Complex component repair of the laptop motherboard (restoration of power and logic circuits), Comprehensive heat dissipation restoration (PCM Phase Transition + Liquid / Thermal Pads)"
IT-15122,Acer Predator Helios 300 PH315-54,"Cleaning, without replacing thermal interfaces",,Cleaning without replacing thermal interfaces
IT-15117,Acer A515-44,Poured with coffee,"Conclusion: During the complete disassembly of the laptop, *no traces of liquid on the motherboard were found*. ✔️ The motherboard has no signs of corrosion or oxidation. ✔️ The keyboard is completely dry and at the time of inspection *works within normal limits*. Flushing or replacing the keyboard is *not required* at this time. However, other malfunctions were found that require elimination. 🧰 *Consent required:* ✔️ Cooling system prophylaxis. ✔️ Replacing the thermal interface with a *phase transition*. ✔️ Replacing *liquid thermal pads*. We also recommend performing: ✔️ Installing a new operating system. ✔️ BIOS firmware. ✔️ BIOS settings after firmware. 🧪 *Technical explanation:* During the inspection, it was found that *the operating system does not boot* and constantly goes into *Recovery* mode. This indicates damage to system files or the Windows boot loader configuration. In addition: ❗ *BIOS is password protected.* Because of this, it is impossible to change important laptop startup parameters, including the boot order (*Boot*), which is necessary to install a new operating system. To fix this problem, you must: • perform a *BIOS flash*; • reset current settings; • configure boot parameters; • install a new operating system. 📄 *Conclusion:* ✔️ Signs of damage to the motherboard after flooding *not detected*. ✔️ The keyboard is working properly and does not require flushing. ⚠️ The operating system is damaged and requires reinstallation. ⚠️ The BIOS is locked with a password and requires flashing to restore full operation of the laptop. 💡 *Recommendation:* We recommend scheduling *comprehensive maintenance*: preventive maintenance of the cooling system with replacement of thermal interfaces, BIOS flash, setting boot parameters and installing a new operating system. This will allow you to fully restore the laptop's performance.","In-circuit BIOS/UEFI hardware programming via SPI interface (without desoldering), Windows ""turnkey"" recovery + Comprehensive online OS and software maintenance for 3 months, Comprehensive heat dissipation restoration (PCM Phase Transition + Liquid / Thermal Pads)"
IT-15112,Asus W15-065N1B,To tinker,,Cable finishing
IT-15111,HUAWEI MediaPad M5 lite,"Replacing the connector, and flipping the display to flip the data",,Courier delivery around the city
IT-15107,Apple A2485,"Cleaning, phase",,Hardware prevention of the cooling system (Lev VI: PCM Phase Transition)
IT-15106,ZTE ZTE 8030,"Dropped, display replacement",,"Courier delivery in the city, Modular replacement of the display unit of a smartphone/tablet with restoration of sealing"
IT-15105,Dell Latitude 5420,"Diagnose the cooler, it heats up to 90* when starting",,BIOS/UEFI firmware update or recovery (Flashback technology)
IT-15100,Lenovo Ideapad 510-15IKB,"HDD is making noise, problem with wifi",,"Hardware prevention of the cooling system (Lev III: Professional thermal paste), Engineering restoration of guides and fasteners of hinge mechanisms (hinges) of the display, Composite restoration of the geometry and integrity of the device case (restoration of plastic/metal elements), Turnkey Windows restoration + Comprehensive online maintenance of the OS and software for 3 months, HDD pocket 2.5"" SATA in the mSATA DVD-RW drive bay 9.5mm. (optibay), Second HDD, SSD caddy!"
IT-15097,Chuwi GemiBook XPro,Solder the wire in the charging connector,,
IT-15132,Apple iPhone XS Max,Battery replacement,,Replacement of the battery (battery) of a mobile device with restoration of the thermal interface
IT-15128,Lenovo Gray,"From time to time it turns off by itself, drive C is full, OS recovery, no price data, 10 watt prevention",,"Turnkey Windows recovery + Comprehensive online OS and software maintenance for 3 months, Hardware prevention of the cooling system (Lev III: Professional thermal paste)"
IT-15092,Asus G513IE,only metal,"Conclusion: When disassembling the laptop for work, it was discovered that the thermal pads of the cooling system had dried out significantly and lost their heat-conducting properties. Thermal pads are responsible for transferring heat from the video memory, processor power supplies, and video card to the radiator. When they dry out, they cease to effectively dissipate heat, which can lead to increased temperatures, reduced performance, and reduced component life. 🔧 We recommend that you additionally: • replace the thermal pad set; • clean the contact surfaces; • install new thermally conductive materials of the appropriate thickness.",Hardware prevention using liquid metal (Level 2: CPU + GPU)
IT-15115,Acer Nitro 5,"filled with tea,",,"Comprehensive heat dissipation restoration (PCM Phase Transition + Liquid / Thermal Pads), Cleaning and flushing of the plume after liquid ingress"
IT-15090,Dell Latitude 5420,"Warming, cleaning",,Hardware prevention of the cooling system (Lev III: Professional thermal paste)
IT-15088,Xiaomi Poco X4 Pro 5G,Camera glass replacement,,Replacing the main camera glass
IT-15091,Dell Black,Autocut,,
IT-15108,Apple A2338,"Cleaning, phase",,"Hardware prevention of the cooling system (Lev VI: PCM Phase Transition), Replacement of the internal battery (battery) of the laptop (without repackaging)"
IT-15095,MSI GF76,Complete prevention,,Comprehensive heat dissipation restoration (Phase transition PCM + Liquid / thermal pads)
IT-15084,Marshall Major 4,Customer cable replacement,,Hardware replacement of the main (inter-ear) cable of the headband of wireless headphones
IT-15096,Acer Nitro V 15 ANV15-41,"Phase, if necessary - thermal pads",,Hardware prevention of the cooling system (Lev VI: PCM Phase Transition)
IT-15082,Samsung A346E,Battery?,,Replacement of the battery (battery) of a mobile device with restoration of the thermal interface
IT-15085,Samsung Galaxy S21 5G,"After repair, the cover comes off, put on polyurethane",,
IT-15068,Apple 13,Doesn't hold a charge,,
IT-15079,Apple 13,"Repair, data required","Conclusion: Unfortunately, we do not recommend and do not undertake repairs in this case, since the condition of the phone inside is unsatisfactory. There are signs of previous interference with the board, in particular, soldering of the memory chip. It is not known whether the memory itself remained functional, so data recovery is a big question mark. It was also found that the original battery is faulty. After connecting a fully functional battery, the phone charges, but there is no reaction to the power button. This may indicate a deeper problem with the board. Additionally, there are no pressure caps, and the general condition of the internal components after the previous service is poor. There is a high probability that the initial problem was in the battery, but after third-party repair, the board could have been additionally damaged. Conclusion: repair is inexpedient, it is impossible to guarantee the recovery of the phone or data. We are returning the phone without repair.",In-depth device diagnostics with partial disassembly
IT-15070,Lenovo ThinkPad X1 Carbon,"Connected to the network all the time, if left idle - the charge drops",,"Spare part delivery by Nova Poshta, Replacement of the internal battery (battery) of the laptop (without repackaging), Hardware prevention of the cooling system (Lev VI: PCM phase transition)"
IT-15067,Acer Predator Triton Neo 16,"Install Office, transfer information from phone to laptop (400GB)",,Activating Microsoft Office with a customer license key
IT-15071,Apple 7,"Battery, display,",,Restoring the device with functional diagnostics
IT-15065,Lenovo Legion go s,"fell from the sofa onto the carpet and the RB button (right upper bumper) after that at some point stopped being ""clicky"" as if the sensor reacts to light pressure. I moved it around, it got back into place a little, it clicks but too easily, in short, there's clearly something not so mechanical there. Visually everything is perfect, no chips, creaks, I think it fell right on this button and something happened to it inside.",,Restoring the device with functional diagnostics
IT-15056,Samsung Galaxy A41,The bottom microphone is not working well.,,
IT-15053,Lenovo IdeaPad 3 17IIL05,"Cleaning, thermal paste, diagnose the cooler",,"Hardware prevention of the cooling system (Lev VI: Phase transition PCM), Turnkey Windows recovery + Comprehensive online maintenance of the OS and software for 3 months, Installation and initialization of a solid-state drive (SSD M.2 NVMe / SATA) in a laptop/PC"
IT-15041,Blackview MP20,Bluetooth is not working.,,Turnkey Windows recovery + Comprehensive online maintenance of OS and software for 3 months
IT-15029,Xiaomi M2101K7BNY,"Glue, the screen came off",,Gluing and fixing the display module with polyurethane glue
IT-15051,Asus FX506HCB,"Cleaning, thermal paste",,"Hardware prevention of the cooling system (Lev VI: Phase transition PCM), 7. 💨 Cleaning, prevention of the cooling system (replacement of thermoelements)"
IT-15062,Apple 15 pro,Display replacement,,In-depth device diagnostics with partial disassembly
IT-15028,Pocketbook 624,Does not turn on,,In-depth device diagnostics with partial disassembly
IT-15050,Xiaomi Mi 10T Lite 5G,acb,,"Courier delivery in the city, Replacement of the battery (battery) of a mobile device with restoration of the thermal interface"
IT-15031,Apple 14 pro,acb,,"Courier delivery in the city, Replacement of the battery (battery) of a mobile device with restoration of the thermal interface"
IT-15043,Samsung Galaxy A15,"Forgot password, reset",,Restoring the device with functional diagnostics
IT-15030,Asus X413FA,"Cooler replacement, cleaning, thermal paste",,Hardware prevention of the cooling system (Lev III: Professional thermal paste)
IT-15018,PrimePC Solo30,"The cooler is not working properly, replace the cooler, thermal paste",,Hardware prevention of the cooling system (Lev III: Professional thermal paste)
IT-15022,Samsung Galaxy A55,"After the update, it does not start (flash drive)","Notes: 🧾 *Reason for the request identified:* After updating the software, the device stopped starting and does not go through the boot procedure. 🧾 *Work performed:* • motherboard diagnostics performed; • power and startup circuits checked; • analysis of the possibility of software recovery of the device performed; • device response to service procedures checked. 🧾 *Diagnostics result:* During the diagnostics, signs of a malfunction of the processor or related motherboard components were found. The symptoms are not typical of a typical software failure or firmware damage. It is likely that the hardware malfunction appeared during or after the system update due to increased load on the device. It is impossible to restore operability through standard flashing. ❌ *Conclusion:* The device has a critical hardware malfunction of the motherboard. It is impossible to perform repairs in our service center. Repair will require complex work at the component level without a guarantee of a successful result, therefore it is economically inexpedient. The device was issued after diagnostics without performing repair work. Conclusion: 🧾 *Reason for the appeal identified:* After updating the software, the device stopped starting and does not go through the boot procedure. 🧾 *Works performed:* • diagnostics of the motherboard were performed; • power and startup circuits were checked; • analysis of the possibility of software recovery of the device was performed; • the device's response to service procedures was checked. 🧾 *Diagnostic result:* During the diagnostics, signs of a malfunction of the processor or related motherboard components were found. The symptoms are not typical of a normal software failure or firmware damage. It is likely that a hardware malfunction appeared during or after a system update due to increased load on the device. It is impossible to restore operability through standard flashing. ❌ *Conclusion:* The device has a critical hardware malfunction of the motherboard. It is impossible to perform repairs in our service center. Repair will require complex work at the component level without a guarantee of a successful result, therefore it is economically impractical. The device was issued after diagnostics without performing repair work.",
IT-15016,Dell Inspiron 15,Freezes after 2 minutes of operation,,Turnkey Windows recovery + Comprehensive online maintenance of OS and software for 3 months
IT-15014,Acer A515-45G,"Flooded keyboard, keyboard replacement, cleaning, left USB not working",,"Hardware prevention of the cooling system (Lev III: Professional thermal paste), Integration of a new keyboard into the laptop top case (thermal sealing of plastic rivets)"
IT-15009,Samsung X200,Not charging,,Component replacement of the system connector (Type-C / Lightning and others) of a mobile device
IT-15017,White Gaming,Complete prevention,,
IT-15049,Toshiba A505-S6005,4 keys do not work,,
IT-14991,Acer E1-571G,Cleaning,,Hardware prevention of the cooling system (Lev IV: Premium thermal paste)
IT-14996,Samsung Galaxy S21 5G,"Battery, gets very hot, sizing",,"Courier delivery in the city, Replacement of the battery (battery) of a mobile device with restoration of the thermal interface"
IT-14990,Apple 14 pro,"Turned off and won't turn on, won't charge","Notes: 🧾 *Works performed:* • initial diagnostics of the device were performed; • reaction to the charger and power sources were checked; • diagnostics of the main power circuits were performed; • analysis of possible causes of the lack of start-up was performed. 🧾 *Diagnostics result:* During the inspection, it was determined that the malfunction is related to the device's motherboard. Further restoration requires complex component repair of the board with the search and elimination of damaged nodes. ❌ *Conclusion:* Unfortunately, it is impossible to repair this device in our service center. The malfunction is related to the motherboard, and the necessary work goes beyond the repairs that we perform. The device was issued after diagnostics without performing repair work. Conclusion: 🧾 *Works performed:* • initial diagnostics of the device were performed; • reaction to the charger and power sources were checked; • diagnostics of the main power circuits were performed; • analysis of possible causes of the lack of start-up was performed. 🧾 *Diagnostics result:* During the inspection, it was determined that the malfunction is related to the device's motherboard. Further restoration requires a complex component repair of the board with the search and elimination of damaged nodes. ❌ *Conclusion:* Unfortunately, it is impossible to repair this device in our service center. The malfunction is related to the motherboard, and the necessary work goes beyond the repairs that we perform. The device was issued after diagnostics without performing repairs.",
IT-14992,Lenovo 10,Connector,,"Replacement of connectors (power, audio, USB) of a phone, tablet"
IT-14982,Dell Inspiron 15,"It started to hang and buzz, prevention",,Hardware prevention of the cooling system (Lev III: Professional thermal paste)
IT-14997,Dell Precision 7670,"The cooler is humming, even after cleaning",,Hardware prevention of the cooling system (Lev VI: PCM Phase Transition)
IT-14974,Samsung Galaxy A52 4G,"Not charging, moisture got into the connector",,"Courier delivery around the city, Component replacement of the system connector (Type-C / Lightning and others) of a mobile device"
IT-14980,Blackview MP20,Bluetooth is not working.,,Installing the device driver
IT-14968,Toshiba A505-S6005,"The cooler started whistling, the stench",,Hardware prevention of the cooling system (Lev IV: Premium thermal paste)
IT-14976,Dell Alienware P39G,Battery replacement,,Replacing the internal battery (battery) of a laptop (without repackaging)
IT-14967,Acer Aspire 3 A315-59G,Cleaning,,Hardware prevention of the cooling system (Lev VI: PCM Phase Transition)
IT-14961,Dell E5450,Cleaning,,Hardware prevention of the cooling system (Lev III: Professional thermal paste)
IT-14955,Samsung SM-A336B/DSN,"Does not turn on after impact, display, cable, battery",,"Courier delivery around the city, Device restoration with functional diagnostics, Spare part delivery by Nova Poshta"
IT-14965,Marshall Major 4,The left earbud is not working.,"Conclusion: 🧾 Diagnostic result: A malfunction of the internal connecting cable was detected, due to which there is no sound in the left earphone. 🛠️ Recommended work before approval: • replacement of the faulty cable; • restoration of the electrical connection; • checking the operation of both channels after repair; • control of the sound quality and operation of the folding mechanisms. 💰 Agree on repair: cable replacement. ℹ️ After approval, the repair will be performed and the headphones will be fully tested.",Hardware replacement of the main (inter-ear) cable of the headband of wireless headphones
IT-14963,Acer ANV15-41,"Cleaning, phase",,Hardware prevention of the cooling system (Lev VI: PCM Phase Transition)
IT-14957,Samsung Galaxy A25,"Charging is taking place, but the percentage is decreasing",,Initial device diagnostics without disassembly
IT-14953,Hp ZBook Firefly 14 G7,Order a keyboard,,Integrating a new keyboard into the laptop top case (thermal sealing of plastic rivets)
IT-14944,China Orange,"The water dispenser, when water reaches the contacts, should give a sound signal, last time it was repaired for this reason - the wire flew off",,
IT-14936,UNS Orion PS15.01W,Transfer all information from HDD to POS terminal,,"In-depth device diagnostics with partial disassembly, Data transfer up to 100 GB"
IT-14932,Dell Vostro 7510,Coolers,,"Original fans for DELL 15 laptop (left + right), Delivery of spare parts by Nova Poshta, Installation of laptop coolers"
IT-14934,Asus TUF Gaming A15 FA507NU,"3 keys stopped working, cleaning, case restoration",,
IT-14931,Samsung Galaxy S9,Pouring (2 days ago),,"Courier delivery around the city, Component replacement of the system connector (Type-C / Lightning and others) of a mobile device"
IT-14948,Lenovo TB132FU,"Suddenly it started turning off, after resetting to factory settings it still does the same thing, it gets hot","Notes: 🧾 *Reason for the request identified:* The tablet spontaneously turns off during operation, operates unstable and has increased heating. Resetting to factory settings did not eliminate the malfunction, which indicates a hardware nature of the problem. 🧾 *Work performed:* • diagnostics of the software and hardware parts of the device were performed; • the reaction after resetting to factory settings was checked; • temperature control was performed; • the operation of the processor and memory subsystem was analyzed. 🧾 *Diagnostics result:* Signs of contact disruption under the processor (BGA contact dump) or a memory chip malfunction were detected. A characteristic feature is that when locally heated, the device may temporarily work, but after cooling, the malfunction manifests itself again. Such symptoms indicate a hardware malfunction of the motherboard, which is not related to software or operating system settings. ❌ *Conclusion:* To restore operability, a complex repair of the motherboard is required with the replacement or resoldering of BGA components. Due to the high risks, complexity of the work and the lack of a guarantee of a long-term result, the repair is economically inexpedient. The device was issued after diagnostics without performing repair work. Conclusion: 🧾 *Reason for the appeal identified:* The tablet spontaneously turns off during operation, operates unstable and has increased heating. Resetting to factory settings did not eliminate the malfunction, which indicates the hardware nature of the problem. 🧾 *Work performed:* • diagnostics of the software and hardware parts of the device were performed; • the reaction after resetting to factory settings was checked; • temperature control was performed; • an analysis of the operation of the processor and memory subsystem was performed. 🧾 *Diagnostics result:* Signs of contact disruption under the processor (BGA contact dump) or malfunction of the memory chip were detected. A characteristic feature is that when the device is heated locally, it may work temporarily, but after cooling down, the malfunction reappears. Such symptoms indicate a hardware malfunction of the motherboard, which is not related to the software or operating system settings. ❌ *Conclusion:* To restore operability, a complex repair of the motherboard is required with the replacement or resoldering of BGA components. Due to the high risks, complexity of the work and the lack of a guarantee of a long-term result, the repair is economically inexpedient. The device was issued after diagnostics without performing repair work.",In-depth device diagnostics with partial disassembly
IT-14933,Lenovo ThinkPad T410s,Type-c not working,,
IT-14927,Samsung Galaxy A41,Connector,,"Courier delivery around the city, Device restoration with functionality diagnostics"
IT-14930,Asus G513IM,Liquid metal,,Comprehensive heat dissipation restoration (Phase transition PCM + Liquid / thermal pads)
IT-14928,OnePlus OnePlus EB2103,Battery,,"Replacement of the battery (battery) of a mobile device with restoration of the thermal interface, delivery of the spare part by Nova Poshta"
IT-14954,Acer A515-43,OS activation,,
IT-14925,Samsung Galaxy Tab A7 Lite,"After the fall, display, diagnose",,"Courier delivery in the city, Modular replacement of the display unit of a smartphone/tablet with restoration of sealing"
IT-14924,Dell Vostro 7510,"Cleaning, phase","Conclusion: Diagnostic result: Preventive maintenance of the cooling system was performed. During the inspection, it was found that extraneous noise (hum) occurs not due to contamination or thermal interface, but due to the natural wear of cooling units (coolers). Work performed: - Complete cleaning of the cooling system; - Replacement of the thermal interface with a phase thermal interface; - Cleaned the radiator and ventilation ducts; - Control testing of temperatures and stability of operation was performed. 💡 Conclusion: Prevention was successfully performed, the temperature regime was brought to normal. However, the existing hum is not completely eliminated by prevention - the cause is the wear of the fan bearings/mechanisms. ⚠️ Recommendation: To completely eliminate the noise, it is recommended to replace the set of coolers of the cooling system.",Hardware prevention of the cooling system (Lev VI: PCM Phase Transition)
IT-14919,Motorola XT2255,The display cable and battery cable come off due to a bend after a fall,"Conclusion: 🔍 *Diagnostic result:* During the inspection, mechanical deformation of the housing part was detected after impact/bending. This disrupts the stable contact of the display assembly and the battery. In this model, the display cable is integrated into the display module, so a separate contact restoration is not a reliable solution. 🧰 *We recommend performing:* • replacement of the display module assembly; • checking and restoring the battery fit; • checking the housing geometry; • final testing after assembly. ⚠️ *Important:* due to the presence of mechanical deformation after replacing the display, additional hidden damage to the housing or internal components may be detected, which cannot be determined without a complete restoration.",Modular replacement of the display unit of a smartphone/tablet with sealing restoration
IT-14906,Lenovo Legion 5 Pro 16ACH6H,"Cleaning, without replacing thermal interfaces",,Hardware prevention of the cooling system (without replacing thermal interfaces)
IT-14935,Acer Aspire 5 A515-57,Phase,"Conclusion: Cooling system prophylaxis, replacement of thermal interface with phase transition material. During disassembly, it was found: — the standard thermal interface was severely overdried and lost normal heat transfer; — there are signs that the thermal interface has not been serviced or replaced for a long time; — in this case, the fans are not factory-installed (they have already been replaced before). Performed: ✅ cleaning the cooling system; ✅ preparation of contact surfaces; ✅ installation of a thermal interface with phase transition for more stable heat transfer and longer service life; ✅ control of the fit of the cooling system. Recommendation: within the next 2–3 hours after delivery, it is advisable to avoid prolonged maximum load (games, stress tests, rendering) so that the system enters a stable thermal mode after service.",Hardware prevention of the cooling system (Lev VI: PCM Phase Transition)
IT-14900,Acer V3-731,"Cleaning, paste, see if it is possible to deliver RAM, deliver 4GB, battery",,Hardware prevention of the cooling system (Lev IV: Premium thermal paste)
IT-14895,Asus G531GT,"OS recovery, noise, cooler diagnostics, cleaning, phase",,"Turnkey Windows recovery + Comprehensive online OS and software maintenance for 3 months, Comprehensive heat dissipation recovery (PCM Phase Transition + Liquid / Thermal Pads)"
IT-14894,Lenovo Tab M11,Changing the power button,"Notes: 🔍 Diagnostic result: During the inspection, the power button malfunctioned, which was associated with deformation of the case in the area of its location and disruption of the normal travel of the button. 🔧 Work performed: • Diagnostics of the power button and case elements • Restoration of the button without replacing the component • Alignment of the deformed area of the case • Checking the correct operation of the button after repair ⚙️ Technical explanation: In this case, the button itself and its electrical part turned out to be functional. The problem was the deformation of the case near the button, which prevented it from being pressed normally and returning to its original position. After restoring the geometry of the case and adjusting the seat, the button operation was fully restored without the need to replace parts. ✅ The tablet has been tested, the power button works correctly, the device is ready for operation. Conclusion: 🔍 Diagnostic result: During the inspection, the power button malfunctioned, which was associated with deformation of the case in the area of its location and disruption of the normal travel of the button. 🔧 Work performed: • Diagnostics of the power button and housing elements • Restoration of the button without replacing the component • Alignment of the deformed area of the housing • Checking the correctness of the button operation after repair ⚙️ Technical explanation: In this case, the button itself and its electrical part turned out to be functional. The problem was the deformation of the housing near the button, which prevented it from being pressed normally and returning to its original position. After restoring the geometry of the housing and adjusting the seat, the button operation was fully restored without the need to replace parts. ✅ The tablet has been tested, the power button works correctly, the device is ready for operation.",Restoring the device with functional diagnostics
IT-14922,Asus M3502Q,The thermal paste has dried up and the thermal pad has torn.,,Hardware prevention of the cooling system (Lev VI: PCM Phase Transition)
IT-14888,Apple A1990,The battery is swollen.,,
IT-14885,VALVE 1030,"Water leaked into the left drain a year ago, it short-circuits during use",,Restoring the device with functional diagnostics
IT-14884,Dell 17,"Cleaning, phase, OS recovery, screen flickering","Conclusion: The device was serviced and the operating system was restored. After the work was completed, the laptop was tested in operation - at the time of testing, no problems with the display flickering were recorded. No signs of unstable screen operation were detected. At the moment, the device is working correctly, the screen flickering does not appear. If the problem recurs during further operation - we recommend recording the conditions of occurrence (under load, on battery/charging, lid position, etc.) for more accurate localization of the malfunction.","Hardware prevention of the cooling system (Lev VI: PCM Phase Transition), Turnkey Windows Recovery + Comprehensive online maintenance of OS and software for 3 months"
IT-14886,HUAWEI MediaPad T5,The power button is not working properly.,,Restoring the device with functional diagnostics
IT-14872,PEICHENG ZB10,pick up and drop the display,,Modular replacement of the smartphone/tablet display unit
IT-14867,Asus ROG Strix G15 G513IC-HN004,Keyboard replacement,,Integrating a new keyboard into the laptop top case (thermal sealing of plastic rivets)
IT-14869,Lenovo Ideapad gaming 3 15ACH6,Phase,,Hardware prevention of the cooling system (Lev VI: PCM Phase Transition)
IT-14870,Acer Nitro 5 AN515-57,"Diagnose the keyboard, some keys do not work, it sticks, there is an unusual sound when turned on",,"Keyboard for ACER laptop (Nitro: AN517-55) ukr, black, without frame, RED key backlight (original), Integration of the new keyboard into the laptop top case (thermal sealing of plastic rivets)"
IT-14858,Asus FA707NV,"Phase transition, liquid thermal pads",,Comprehensive heat dissipation restoration (Phase transition PCM + Liquid / thermal pads)
IT-14854,Samsung Galaxy A12,"Diagnose, fell into the snow in winter",,
IT-14851,HP ProBook 430 G4,"Tea-soaked, recovery after tea-soaking",,
IT-14853,Hp Pavilion Gaming Laptop 15-cx0042ur,"Diagnose, battery replacement, prevention, phase, OS, cooling does not work, possible to improve, look at the battery, a year works without a battery, half a year without cooling",,
IT-14850,Xiaomi Redmi Note 8 Pro (M1906G7G),"Display, back cover replacement",,
IT-14843,Xiaomi Xiaomi Pad 5,"Display replacement, slightly curved",,
IT-14837,Asus zenbook 15,OS activation,,
IT-14835,Acer A315-53G,Keyboard replacement,,
IT-14834,Lenovo YOGA 730-15IKB,"Keyboard replacement, K, I keys not working",,
IT-14832,POCO X4 Pro 5G,Connector replacement,,
IT-14828,Blackview Tab 13,"Doesn't turn on, doesn't charge",,
IT-14820,Hp Pavilion Laptop 14,The new cooler is malfunctioning,,
IT-14817,Marshall Major 4,The headphones do not respond to volume reduction and do not switch music.,,
IT-14818,Acer V3-771G,Laptop prevention,,"Cleaning, prevention of cooling system, replacement of thermoelements (lev I)"
IT-14813,Samsung Galaxy Tab A9+,connector replacement,,"Component replacement of the system connector (Type-C / Lightning and others) of a mobile device, Courier delivery around the city"
IT-14802,Sony WH-1000XM5,Hinge replacement,,Headphone repair with replacement loop and cable re-pinning
IT-14808,Asus Vivobook M513I,"Phase, diagnose, gets very hot, doesn't work without a network",,"Cleaning, prevention of the cooling system, replacement of thermocouples with phase transition (factory) (lev VII), Battery replacement, battery with complete disassembly of the device"
IT-14801,Lenovo TB330FU,"It turned off and won't turn on, pick up the stylus",,
IT-14791,Samsung A31,Flip the display to pull data,,"Courier delivery in the city, Modular replacement of the display unit of a smartphone/tablet with restoration of sealing"
IT-14794,Acer SF114-34,"Wifi started to disappear, drive C is overloaded, freezes, prevention",,"Windows and software recovery + comprehensive ON-LINE maintenance (3 months), cleaning, cooling system maintenance, replacement of thermoelements (lev V)"
IT-14788,Apple 11,"Fell, stripe",,"Courier delivery in the city, Replacement of the display (module) of a smartphone/tablet/navigator"
IT-14787,Acer AN517-51,"Buzzes after a few minutes of operation, cooler recovery, prevention, phase",,"Cleaning, prevention of the cooling system, replacement of phase transition thermoelements (factory) (lev VII), Original fan for ACER laptop"
IT-14786,HUAWEI Mate 20 Pro,"Turns on, turns off, freezes, diagnose","Notes: 🔍 Diagnostic result: During the test, a critical malfunction of the internal storage (UFS memory) was detected. The device starts up unstable, turns off by itself, and periodically freezes during the system operation phase. ⚙️ Technical explanation: Signs of the malfunction indicate degradation or failure of the flash memory (built-in storage). This leads to errors in reading system data, which is why the operating system cannot operate stably. In such cases, the device may still start up for a short time, but the problem is progressive and over time leads to a complete loss of performance. 📌 Conclusion: Standard repair is impossible or economically inexpedient due to the critical state of the internal memory. ❌ Repair was not performed. The device was issued after diagnostics. Conclusion: 🔍 Diagnostic result: During the test, a critical malfunction of the internal storage (UFS memory) was detected. The device starts up unstable, turns off by itself, and periodically freezes during the system operation phase. ⚙️ Technical explanation: Signs of a malfunction indicate degradation or failure of the flash memory (built-in storage). This leads to errors in reading system data, due to which the operating system cannot work stably. In such cases, the device may still start for a short time, but the problem is progressive and over time leads to a complete loss of functionality. 📌 Conclusion: Standard repair is impossible or economically inexpedient due to the critical state of the internal memory. ❌ Repair was not carried out. The device was issued after diagnostics.",In-depth device diagnostics with partial disassembly
IT-14782,Apple 11,display,,
IT-14780,Pritom Blue,"Bottom board, connector","Notes: 🔍 *Diagnostic result:* During the inspection, it was found that the malfunction is not related to the bottom board or charging connector, as initially assumed, but to the power controller on the device's main board. ⚙️ *Technical explanation:* The power controller is responsible for starting the tablet, charging the battery, and distributing power between the main nodes. In this case, the microcircuit failed. The repair is additionally complicated by the fact that the controller is located very close to the processor, which makes the work technically complex and risky. Also, at the moment, there are no corresponding microcircuits for sale - even on Chinese sites it was not possible to find the necessary component. 📌 *Conclusion:* Due to the lack of a spare part and the complexity of restoration, it is impossible to perform the repair. Conclusion: 🔍 *Diagnostic result:* During the inspection, it was found that the malfunction is not related to the bottom board or charging connector, as initially assumed, but to the power controller on the device's main board. ⚙️ *Technical explanation:* The power controller is responsible for starting the tablet, charging the battery, and distributing power between the main components. In this case, the microcircuit has failed. The repair is additionally complicated by the fact that the controller is located very close to the processor, which makes the work technically complex and risky. Also, at the moment, there are no corresponding microcircuits on sale - even on Chinese sites it was not possible to find the necessary component. 📌 *Conclusion:* Due to the lack of a spare part and the difficulty of restoration, the repair is impossible.",
IT-14779,Yamaha Black,Cable replacement,,Replacing the cable in the power supply
IT-14797,Redmi Redmi Note 10 Pro 4G,Battery replacement,,"Battery replacement, battery with complete disassembly of the device, courier delivery around the city"
IT-14775,Acer PHN16-71,"Cleaning, thermal paste, stopped seeing the video card, after reinstalling Windows saw it correctly, but under load it may freeze and reboot with errors video ddl, PAGE FAULT IN NONPAGED AREA",,"Cleaning, prevention of the cooling system, replacement of liquid metal and thermal interfaces (lev II), Restoration of heat transfer between memory chips / VRM and radiator using thermal pads FCR-AS / Kafuter / FEHONDA and others"
IT-14774,Apple iPhone 12,Connector replacement,,"Courier delivery in the city, Replacement of connectors (power, audio, USB) of the phone, tablet"
IT-14810,HP 17,Battery replacement,,Battery replacement with complete disassembly of the device
IT-14771,Lenovo Ideapad 1 15ADA7,Matrix replacement,,"Replacing the matrix (display, screen) with complete disassembly of the device"
IT-14773,realme C67 4G,Screen replacement,,"Courier delivery in the city, Replacement of the display (module) of a smartphone/tablet/navigator"
IT-14796,Apple iPhone XR,Make 2 phones into 1,,Restoring the device with functional diagnostics
IT-14746,Marshall Major 4,"There is no click of the stick, it sticks",,"Delivery of goods by Nova Poshta at the courier company's rate, device restoration with functional diagnostics"
IT-14765,Apple iPhone 11,"Flooded with water, works, does not charge (connector)",,"Replacement of connectors (power, audio, USB) of a phone, tablet"
IT-14767,Samsung Galaxy M20,The screen came off the phone after a fall,"Conclusion: ✅ *Repair completed successfully.* 🔍 *Diagnostics result:* After the fall, the display module partially peeled off the phone case. Damage to the factory adhesive layer led to a violation of the screen fixation. 🔧 *Work performed:* • Complete disassembly of the device • Complete cleaning of old glue residues • Professional re-gluing of the display module to the factory adhesive layer • Restoring the correct fit of the display in the case • Checking the operation of the sensor and display after assembly ⚙️ *Technical explanation:* After a mechanical impact or fall, the factory glue loses adhesion, which is why the display begins to move away from the case frame. Complete re-gluing with cleaning of the old glue allows you to restore reliable fixation of the display and minimize the risk of repeated peeling. ✅ The smartphone is tested and ready to use.",Restoring the device with functional diagnostics
IT-14743,Acer SF114-34,Matrix replacement,,"Replacing the matrix (display, screen) with complete disassembly of the device"
IT-14799,Google Pixel 3 XL,"Diagnostics and statement of the act. When inspected at the post office, everything was fine, it looked practically new. In use, after connecting to Wi-Fi, it started to heat up, additional sounds were heard inside the case. The rear camera does not focus. The camera is not of good quality.","Conclusion: The service center performed only a superficial inspection and software and hardware diagnostics of the device without complete disassembly. The device was not physically disassembled, opened, or subjected to internal intervention by the service center. Main camera: — a malfunction of the camera's optical stabilization (OIS) was detected; — there are problems with autofocus; — the photo quality has deteriorated; — a protective layer/transport film is left on the back cover, which partially covers the camera module and prevents the normal passage of light; — due to the presence of the film, the back cover is partially peeled off from the case. Condition of the case and traces of previous intervention: — the display was previously dismantled and re-glued; — there are uneven gaps between the display and the frame; — the back cover has traces of re-gluing; — the front cameras are installed unevenly; — there are small traces of mechanical cleaning/""wiping"" on the front modules; — a small gap near the SIM tray was detected; — the general condition of the assembly indicates that previous repair or service work has been carried out. Display condition: — no burnout of the OLED matrix was detected; — a defect in adjusting the display brightness levels was detected; — incorrect operation of auto-brightness and color reproduction is possible. Software: — open bootloader parameters were detected; — access via ADB was activated; — the officiality and integrity of the installed software cannot be confirmed; — SIM-lock, software lock or MDM blocking was not detected. 💡 Conclusion: During the surface diagnostics, signs of previous interference with the design and software of the device were detected. There are defects in the main camera, peculiarities of the body assembly after disassembly, as well as defects in the display operation. The technical condition of the device does not correspond to the condition of a completely new or untouched smartphone.",Diagnostic result and technical condition certificate
IT-14744,Samsung Galaxy S21 FE 5G,"It froze and turned off during operation, then turned on and off again, the back of the phone got too hot",,
IT-14740,Redmi Note 9,not charging,,In-depth device diagnostics with partial disassembly
IT-14741,Asus TUF Gaming A15 FA507NVR,Autodesk Revit,,"Installation of image processing and graphics programs (for 1 pc.), Removal and cleaning of the system from the previous version of the application"
IT-14739,Lenovo Legion 5 17ACH6H,"Cleaning, phase, look at the thermal pads",,"Cleaning, preventive maintenance of the cooling system, replacement of phase transition thermocouples (factory) (lev VII)"
IT-14734,Apple iPhone 13,Battery replacement,,"Courier delivery around the city, Battery replacement, battery with complete disassembly of the device"
IT-14731,Samsung Samsung SM-A266B/DS,Unlock phone (forgot password),,
IT-14725,Sony PRS-T2,"Not charging, computer saw it, data was not transferred","Conclusion: 🔍 Diagnostic result: During diagnostics, critical wear of the internal memory and system read/write cycles was detected. The device is partially detected by the computer, however, data exchange does not occur due to degradation of the internal storage and the system part of the board. This model uses memory with a limited resource of rewrite cycles. In practice, this can be considered the exhaustion of the device's factory resource - electronic components can no longer operate stably in normal mode. Such a malfunction is typical for old-generation equipment and actually refers to critical hardware wear. 🧰 Work performed: • Full hardware diagnostics carried out • Power and charging lines checked • PC connection test performed • System memory and controllers response checked 💰 Diagnostic cost: 500 UAH 💡 Conclusion: Further repair is technically inexpedient due to critical wear of the internal memory and the end of the component life. It is impossible to guarantee stable operation after possible recovery attempts.",
IT-14723,Redmi Redmi 23124RA7EO,Battery replacement,,"Courier delivery around the city, Battery replacement, battery with complete disassembly of the device"
IT-14724,Marshall Major 4,Not turning on,,
IT-14719,Hp EliteBook 745 G5,Keyboard replacement,,"Delivery by Nova Poshta at the courier company's rate, Replacement of a modular keyboard with complete disassembly of the device, Cleaning, prevention of the cooling system, replacement of thermoelements (lev IV)"
IT-14700,Lenovo carbon x1,Prevention + CMOS battery replacement,,"Cleaning, prevention of the cooling system, replacement of phase transition thermocouples (factory) (lev VII), Replacement of the laptop CMOS BIOS battery"
IT-14732,HP Omen 15,"Cleaning, Laptop Maintenance",,"Cleaning, preventive maintenance of the cooling system, replacement of phase transition thermocouples (factory) (lev VII)"
IT-14715,Asus F541UJ,"the sound turns off on its own, the page scrolls, diagnose the charger. Cleaning, prevention,",,"Cleaning, prevention of the cooling system, replacement of thermoelements (lev V), delivery of spare parts by Nova Poshta"
IT-14761,Lenovo Thinkpad E580,"Cleaning, paste 10 watts",,"Cleaning, prevention of cooling system, replacement of thermoelements (lev IV)"
IT-14687,Acer AN515-43,"Prevention, thermal transfer, liquid thermal pads, cooler replacement (customer details)",,Restoring the device with functional diagnostics
IT-14678,Hp Pavilion x360 15,"Battery replacement, preventive maintenance, installation of 16gb DDR4 RAM",,"Cleaning, prevention of cooling system, replacement of thermoelements (lev V)"
IT-14664,Samsung Galaxy A04e,"After water, one does not see seven.",,
IT-14690,Seagate 1Tb,New power connector,,
IT-14663,Samsung P5200,Not charging,,"Start, restore the battery charge of the device with disassembly"
IT-14677,Asus TUF Gaming F15 FX507VV-LP146,Liquid metal,,"Cleaning, prevention of the cooling system, replacement of phase transition thermoelements (factory) (lev VII), Restoration of heat transfer between memory chips / VRM and radiator using thermal pads FCR-AS / Kafuter / FEHONDA and others"
IT-14673,Acer Nitro 5 AN515-45,"Cleaning, phase",,"Cleaning, prevention of the cooling system, replacement of phase transition thermoelements (factory) (lev VII), Restoration of heat transfer between memory chips / VRM and radiator using thermal pads FCR-AS / Kafuter / FEHONDA and others"
IT-14659,Google Pixel 2XL,The sensor does not work after a fall,,Restoring the device with functional diagnostics
IT-14656,Hp Pavilion Laptop 14,Cooler replacement,,"Cleaning, preventive maintenance of the cooling system, replacement of phase transition thermocouples (factory) (lev VII)"
IT-14655,Xiaomi Mi Pad 6,Display replacement,,"Courier delivery in the city, Replacement of the display (module) of a smartphone/tablet/navigator"
IT-14639,Samsung Galaxy M32,"Display replacement, sensor not working",,"Replacement of the display (module) of a smartphone/tablet/navigator, Courier delivery around the city"
IT-14638,Acer A715-76G,Matrix replacement,,"Cleaning, prevention of the cooling system, replacement of phase transition thermocouples (factory) (lev VII), Replacement of the matrix (display, screen) with complete disassembly of the device"
IT-14649,Asus TUF Gaming F15 FX506HE,Gets very hot and noisy,,"Cleaning, prevention of the cooling system, replacement of phase transition thermoelements (factory) (lev VII), Restoration of heat transfer between memory chips / VRM and radiator using thermal pads FCR-AS / Kafuter / FEHONDA and others"
IT-14635,Xiaomi Redmi Note 9S,Shutting down,,
IT-14636,Asus X55VD,Housing repair,,"Replacement, restoration, repair of laptop hinges"
IT-14683,Newland Black,"Diagnose, connector",,
IT-14634,Apple iPhone 14 Pro,"Display, battery",,Replacing the display (module) of a smartphone/tablet/navigator
IT-14675,Acer AN515-58,phase transition,,"Cleaning, preventive maintenance of the cooling system, replacement of phase transition thermocouples (factory) (lev VII)"
IT-14621,Samsung Galaxy A04e,"Diagnostics, does not turn on",,"Restoration of electronic boards of smartphones, tablets and portable equipment after liquid spills (cleaning, removing oxidation and repairing damaged components)"
IT-14625,Asus TUF DASH F15 FX516PC,"Phase transition, thermal pads if necessary, axis recovery, W key",,"Cleaning, preventive maintenance of the cooling system, replacement of phase transition thermoelements (factory) (lev VII), Restoration of heat transfer between memory chips / VRM and radiator using thermal pads FCR-AS / Kafuter / FEHONDA and others, Windows and software restoration + comprehensive ON-LINE maintenance (3 months)"
IT-14616,Samsung Galaxy S21 FE 5G,"Diagnose, suddenly turned off, turns on only to the Samsung screen saver",,"Soldering of BGA chip and elements, with replacement of device thermocouples"
IT-14613,POCO M3,Does not turn on,,
IT-14612,Apple 13,Battery replacement,,Battery replacement with complete disassembly of the device
IT-14610,Samsung Galaxy A8,Front camera replacement,,"Delivery to the ZhCh by Nova Poshta at the courier company's rate, Replacing the camera in the tablet"
IT-14604,Lenovo Ideapad 1 15AMN7,"Hinges broke off, cleaning",,"Replacement, restoration, repair of laptop hinges, Replacement, restoration of laptop case parts, Cleaning, prevention of the cooling system, replacement of thermoelements (lev IV)"
IT-14602,Samsung a165f,problems with the wifi network,,Fault diagnosis with complete disassembly of the device
IT-14600,Logitech MX Master 3S,button replacement,,"Restoration, replacement of power connector, audio, connectors, USB, video (laptop, PC, tablet laptop, etc.)"
IT-14598,Blackview Blackview Tab60,"Flooded, 2 weeks","Notes: 🔧 *Works performed:* • Full diagnostics of the device • Cleaning the board from the effects of flooding • Attempts to restore damaged power circuits • Component soldering and checking the main components ⚙️ *Technical explanation:* After prolonged contact with moisture, oxidation and electrochemical corrosion processes begin inside the device. Even if the tablet does not turn on immediately after flooding, the damage continues to progress over time. In this case, the prolonged presence of liquid inside the device led to multiple damage to electronic components and conductors on the motherboard. The cleaning work carried out and attempts to restore did not give a positive result. The situation is additionally complicated by the fact that this model is a rare Chinese device. The necessary electronic components, donor boards and technical documentation are practically not available in the public domain, so there is no possibility of further selection and replacement of elements for experimental restoration. 📌 *Conclusion:* The motherboard has critical damage due to flooding. Further repair is technically impossible and economically inexpedient. Conclusion: 🔧 *Works performed:* • Full diagnostics of the device • Cleaning the board from the effects of flooding • Attempts to restore damaged power circuits • Component soldering and checking the main components ⚙️ *Technical explanation:* After prolonged contact with moisture, oxidation and electrochemical corrosion processes begin inside the device. Even if the tablet does not turn on immediately after flooding, the damage continues to progress over time. In this case, the prolonged presence of liquid inside the device led to multiple damage to electronic components and conductors on the motherboard. The cleaning work carried out and attempts to restore did not give a positive result. The situation is additionally complicated by the fact that this model is a rare Chinese device. The necessary electronic components, donor boards and technical documentation are practically not available in the public domain, so there is no possibility of further selection and replacement of elements for experimental restoration. 📌 *Conclusion:* The motherboard has critical damage due to flooding. Further repair is technically impossible and economically inexpedient.",
IT-14599,Lenovo Ideapad Gaming 3,"Phase, match thermal pads",,"Cleaning, preventive maintenance of the cooling system, replacement of phase transition thermocouples (factory) (lev VII)"
IT-14591,OSCAL OSCAL PAD 9,The power button does not work periodically,,Fault diagnosis with complete disassembly of the device
IT-14587,Hp Victus 15-fa1013ua,"Prevention, cleaning, phase",,"Cleaning, preventive maintenance of the cooling system, replacement of phase transition thermocouples (factory) (lev VII)"
IT-14581,Samsung Galaxy S9+,Replacing the back cover and power button,,
IT-14567,Xiaomi Redmi 9C (NFC),Does not turn on,,"Courier delivery in the city, Replacement of the display (module) of a smartphone/tablet/navigator"
IT-14576,Lenovo 15IRX9,"Laptop prevention, phase",,"Cleaning, prevention of the cooling system, replacement of phase transition thermoelements (factory) (lev VII), Restoration of heat transfer between memory chips / VRM and radiator using thermal pads FCR-AS / Kafuter / FEHONDA and others"
IT-14575,Google Pixel 7,Display replacement,,Replacing the display (module) of a smartphone/tablet/navigator
IT-14580,Medion Black,video card,,"Installing, replacing the video card of the device with complete disassembly"
IT-14560,Asus X541SC,The keyboard does not work after replacing the frame and back cover,,"Delivery to the Russian Federation by Nova Poshta at the courier company's rate, Replacement of a modular keyboard with complete disassembly of the device"
IT-14558,Marshall Major 4,Replacing the button with a cable,,Disassembly / assembly of the device
IT-14577,Hp 15s-fq2031ua,Battery replacement,,"Battery replacement, battery with complete disassembly of the device, cleaning, cooling system maintenance, replacement of thermoelements (lev IV)"
IT-14595,Google Pixel 8,Faulty wifi and Bluetooth,,Fault diagnosis with complete disassembly of the device
IT-14578,Acer Aspire VN7-793G,"The cooler is noisy, the LAN port works at an angle, the matrix flickers periodically/when moving (loop)","Notes: The client pays for and collects the laptop. After the battery and fans arrive, the client must be contacted and the laptop must be requested for installation of spare parts and replacement of the thermal interface (phase transition). These works are paid separately and are not included in the current payment amount.","Cleaning, prevention of the cooling system, replacement of thermoelements (lev I), Pre-order of the cooling system (CPU/GPU fans) of the Acer Nitro VN7-793 / VN7-593 series laptop, Pre-order of the battery of the Acer Aspire V15/V17 Nitro VN7-593G / VN7-793G series laptop, Hardware prevention of the cooling system (Lev IV: Premium thermal paste), Replacement of the internal battery (battery) of the laptop (without repackaging), Hardware replacement of the active cooling module (cooler/fan/turbine) with comprehensive cooling restoration"
IT-14553,Asus K6602V,Prevention,,"Cleaning, preventive maintenance of the cooling system, replacement of phase transition thermocouples (factory) (lev VII)"
IT-14551,Logitech MX Master 3S,"The left mouse button is malfunctioning (sticks, doesn't work, works twice)",,"Restoration, replacement of power connector, audio, connectors, USB, video (laptop, PC, tablet laptop, etc.)"
IT-14582,Razer BlackWidow V3 Mini Hyperspeed,"Not working, diagnose",,"Restoration of electronic boards of smartphones, tablets and portable equipment after liquid spills (cleaning, removing oxidation and repairing damaged components)"
IT-14552,Acer AN515-52,Prevention,,"Cleaning, prevention of cooling system, replacement of thermoelements (lev V)"
IT-14550,Asus FA707NU,"Windows Update, Laptop Prevention",,"Windows and software recovery + comprehensive ON-LINE maintenance (3 months), cleaning, cooling system maintenance, replacement of phase transition thermocouples (factory) (lev VII)"
IT-14546,Lenovo Tab P11,"It turns on, but the sensor doesn't work, it stopped when I inserted a SIM card",,Restoring the device with functional diagnostics
IT-14547,AMD Ryzen 5 5600,Align 2 legs,,Restoring the device with functional diagnostics
IT-14545,Lenovo Legion 7 16ACHg6,"Cleaning, check for liquid metal and need to change thermal pads",,"Cleaning, preventive maintenance of the cooling system, replacement of phase transition thermocouples (factory) (lev VII)"
IT-14548,Asus FA506NFR,Laptop prevention,,"Cleaning, preventive maintenance of the cooling system, replacement of phase transition thermocouples (factory) (lev VII)"
IT-14533,Dream Machines GM7PG5M,Topcase replacement,,"Cleaning, preventive maintenance of the cooling system, replacement of phase transition thermocouples (factory) (lev VII), Replacement of the matrix (display, screen) with complete disassembly of the device, Replacement, restoration of laptop case parts"
IT-14536,Lenovo Legion 5 Pro,"The keys en. A, S, D, Fn stuck, after strong heating they stopped working, if you can repair the keys - cleaning (phase)",,"Cleaning, preventive maintenance of the cooling system, replacement of phase transition thermocouples (factory) (lev VII), Delivery by Nova Poshta at the courier company's rate, Replacement of the built-in keyboard with complete disassembly of the device and resoldering of the fixing points"
IT-14532,Hp Probook 440 G7,The right and left touchpad buttons are not working,,"Restoring the touchpad and other laptop cursor control devices, cleaning, cooling system maintenance, replacing phase transition thermocouples (factory) (lev VII)"
IT-14534,Logitech G102 LIGHTSYNC Gaming Mouse,Mouse wheel,,Repair of the computer mouse scroll wheel with restoration of correct operation of the mechanism
IT-14528,Dell Inspiron 7000,"Error when starting the laptop, possibly reinstalling Windows, valuable information is present, as an option - installing a new SSD and a pocket",,"Windows and software recovery + comprehensive ON-LINE maintenance (3 months), cleaning, cooling system maintenance, replacement of thermoelements (lev IV)"
IT-14527,Apple 11,"Battery, speakers, glass, water got into the speakers while listening to a video",,Restoring the device with functional diagnostics
IT-14526,Everest Black,"Cleaning, prevention, check the operation of office and programs",,
IT-14524,Lenovo ThinkCentre 10AS,"Cleaning, prevention, check the operation of office and programs",,
IT-14522,Lenovo Ideapad 1 15ADA7,"Cleaning, prevention, check the operation of office and programs",,
IT-14555,Samsung P5200,connector replacement,,"Replacement of connectors (power, audio, USB) of a phone, tablet, Courier delivery around the city"
IT-14523,Lenovo Ideapad 330-15IKB,"Cleaning, prevention, check the operation of office and programs",,
IT-14549,Motorola g20,module replacement,,Replacing the display (module) of a smartphone/tablet/navigator
IT-14519,Logic power Black,OS does not load,,Resetting the BIOS password using software
IT-14525,Everest Black,"Cleaning, prevention, check the operation of office and programs",,
IT-14517,CUBOT CUBOT X30,Display replacement,,"Replacement of the display (module) of a smartphone/tablet/navigator, Courier delivery around the city"
IT-14515,Hp 15-cs3073cl,BATTERY REPLACEMENT,,Battery replacement with complete disassembly of the device
IT-14520,Asus Vivobook Go 15,Windows,,Windows and software recovery + comprehensive ON-LINE maintenance (3 months)
IT-14511,Xiaomi Redmi 9T,"The screen was replaced, the speaker does not work well, the screen goes blank when calling",,
IT-14518,Apple iPhone XR (A1984),Replacing the top speaker (sound is poor during a call),,"Courier delivery around the city, Disassembly / assembly of the device"
IT-14514,Lenovo 330-15ICH,"Prevention, diagnose the battery, it doesn't hold a charge, agree on a replacement, the back of the case is coming off - take a look",,"Cleaning, prevention of the cooling system, replacement of thermocouples with phase transition (factory) (lev VII), Battery replacement, battery with complete disassembly of the device"
IT-14508,HP 470 G7,"Cleaning, install 2x8 RAM,",,"Cleaning, preventive maintenance of the cooling system, replacement of phase transition thermoelements (factory) (lev VII), DDR4 8GB 2666 MHz memory module, Original fan for HP ProBook 470 G7 laptop (L22529-001) (Cooler), Delivery by Nova Poshta to the Russian Federation at the courier company's rate"
IT-14504,Hp Pavilion Laptop 15,"Cleaning, phase",,"Cleaning, preventive maintenance of the cooling system, replacement of phase transition thermocouples (factory) (lev VII)"
IT-14505,Dell Inspiron 3521,Phase,,"Cleaning, preventive maintenance of the cooling system, replacement of phase transition thermocouples (factory) (lev VII)"
IT-14500,Redmi Redmi 9,Replacing the bottom board/connector,,"Courier delivery in the city, Replacement of connectors (power, audio, USB) of the phone, tablet"
IT-14501,HP ProBook 440,Matrix replacement,,"Replacing the matrix (display, screen) with complete disassembly of the device"
IT-14482,Samsung Galaxy A13,Display replacement,,"Replacement of the display (module) of a smartphone/tablet/navigator, Courier delivery around the city"
IT-14487,Hp Victus Gaming Laptop 16,"The screen started flickering, then turned off and won't turn on, the indicator is on",,"Cleaning, preventive maintenance of the cooling system, replacement of phase transition thermocouples (factory) (lev VII), Restoration of the device with functional diagnostics"
IT-14485,Apple iPhone 11,"Display replacement, bottom part not working",,"Replacement of the display (module) of a smartphone/tablet/navigator, Courier delivery around the city"
IT-14481,Samsung Galaxy S10+,Battery replacement,,"Battery replacement, battery with complete disassembly of the device, courier delivery around the city"
IT-14472,Dell Latitude 7420,The problem with the battery remains.,,
IT-14469,Dell Latitude 5591,The memory problem continues,,"Replacing/installing/adding SSD, HDD, RAM, DVD, etc. WITHOUT completely disassembling the device"
IT-14467,Apple 13,battery replacement,,Battery replacement with complete disassembly of the device
IT-14468,MSI Thin A15 B7VF,"Prevention, phase, thermal pads",,"Cleaning, preventive maintenance of the cooling system, replacement of phase transition thermocouples (factory) (lev VII)"
IT-14464,Apple a1707,"Battery replacement, agree on cleaning, thermal paste, diagnose for additional problems",,"Battery replacement, battery with complete disassembly of the device, Delivery by ZCH Nova Poshta at the courier company's rate, Cleaning, prevention of the cooling system, replacement of thermocouples with phase transition (factory) (lev VII)"
IT-14461,Dell Latitude 5591,Windows,,
IT-14460,Samsung Galaxy A16,Doesn't turn on after update,,Fault diagnosis with complete disassembly of the device
IT-14454,Motorola xt2535-14,start and flash and change the display,"Conclusion: 🔍 Diagnostic result: During diagnostics, it was determined that the device is locked by FRP (Factory Reset Protection). ❗ It is impossible to gain access using standard firmware or recovery methods. 🧪 Technical explanation: To unlock this type of device, you must: ➡️ perform firmware via SPI (direct intervention in the board's memory) This is a complex procedure that requires: dismantling the board working with the memory chip of special equipment In this case: ❗ performing such a repair is impractical 📄 Conclusion: ❌ No repair The reason is FRP-locking, which requires complex SPI-intervention",Fault diagnosis with complete disassembly of the device
IT-14456,Xiaomi Mi Laptop Pro 14,Noise problem and blinking matrix,,
IT-14453,Redmi m2006c3mng,display,,Replacing the display (module) of a smartphone/tablet/navigator
IT-14450,Asus Vivobook K513E,"Started warming up, looked at thermal pads, thermal paste and agreed on the price",,"Cleaning, preventive maintenance of the cooling system, replacement of phase transition thermocouples (factory) (lev VII)"
IT-14443,Samsung Galaxy A55,"Connector replacement, diagnose before replacement",,Power connector recovery
IT-14498,Medion Black,"Prevention, browser freezes",,
IT-14204/1,Asus M3500Q,The new cooler is very noisy.,,
IT-14488,HP 15,"Flooded, does not turn on",,
IT-14486,HyperX HX-MC002B,Mouse wheel gets stuck when scrolling,,
IT-14459,Redmi G,"Problem with the matrix cable after installing a new module, there is a cable from the donor",,
IT-14451,Dell Latitude 7420,Battery replacement,,
IT-14440,Lenovo Thinkpad E15 G2,"Flooded, keyboard replacement, sensor on power button not working",,
IT-14439,realme C67 4G,"Problem with charge controller, battery was replaced - problem remained",,
IT-14438,Dell Latitude 5591,"Suddenly the laptop started not working correctly. It turns on - the screen does not work. It worked once, but then it still turned off. Diagnose. When turned on, the screen flashes, most likely the cable or matrix",,
IT-14433,Asus FA506IV,"Does not hold the load, when playing, it works fine for 2 seconds and then freezes for 5 seconds.","Conclusion: 🔍 Diagnostic result: During diagnostics, it was found that: ❗ the system issues errors on the processor (CPU) ❗ unstable operation under load ❗ characteristic “freezes” and hangs This indicates a hardware malfunction of the processor or its internal components. 🧪 Technical explanation: In this model, the processor is soldered to the board (BGA), therefore: its replacement is a complex and expensive procedure there is no guarantee of long-term operation after repair With such symptoms, the processor cannot stably process the load, which causes “freezes”. 📄 Conclusion: ❌ No repair The reason is a processor malfunction",
IT-14424,Logitech Pro superlight,Does not work after impact,,
IT-14411,Asus FX505DT,"drowned - works, does not see the network, no audio, 2 out of 3 usbs do not work, hdmi does not output. keyboard replacement. + prevention",,Fault diagnosis with complete disassembly of the device
IT-14418,HP 15-fb2287nw,Broken matrix,,"Matrix 15.6 1920*1080, 40pin eDP, IPS, 144HZ, LED, SLIM (without bars and ears), for laptop"
IT-14415,Asus TUF Gaming F15 FX506LH,"Diagnostics, noisy during operation, possibly cooler, cleaning, replacement of thermal interfaces",,
IT-14432,Google Pixel 4a 5G,Battery replacement,,
IT-14428,Keychron K5SE 104 Key,"battery replacement, swollen",,
IT-14431,Apple 11,Battery replacement,,
IT-14427,Lenovo Ideapad 3,Cleaning + restoration of hinges,,
IT-14408,Samsung Galaxy A32,Battery replacement,,"Samsung EB-BA315 battery, Battery replacement, Battery with complete disassembly of the device"
IT-14404,Samsung A057G,frp,,
IT-14413,Logitech MX Master 2S,Problem with laser or scroll wheel,"Conclusion: 🔍 Result of diagnostics and performed work: The mouse is ready for delivery ✅ During diagnostics, it was determined that the problem was related to contamination of the internal mechanisms and sensor, which affected the scrolling and positioning. 🧰 Performed work: 🧹 Complete cleaning of the mouse 🔧 Cleaning the sensor and scroll wheel mechanism 🧪 Control testing of the work After the performed work: ✔️ the sensor works correctly ✔️ scrolling is restored ✔️ the mouse works stably 📄 Conclusion: ✔️ The malfunction has been eliminated ✔️ The device is working properly ✔️ Cost of work: 400 UAH","Cleaning the device from dust, dirt and accumulated dirt for stable operation"
IT-14419,Lenovo Ideapad gaming 3 15ACH6,Restore BIOS,"Conclusion: 🔍 Diagnostic result: According to the agreement, the following was performed: 💾 BIOS flashing ❗ After the firmware, the situation did not change. During further diagnostics, it was established: ❗ the device reacts to physical deformation of the board ❗ possible mechanical impact (impact / bending) This indicates: ➡️ CPU chip / contact breakage 🧪 Technical explanation: In this model, the processor is installed using BGA technology (soldered to the board). With mechanical impact, the following are possible: microcracks in the soldering partial or complete separation of contacts unstable startup when the board is bent That is why the laptop may react to pressing or changing position. 📄 Conclusion: ❌ No repair The reason is a processor chip / damage to the motherboard",Fault diagnosis with complete disassembly of the device
IT-14399,Lenovo Ideapad 3 15IAU7,Housing repair,,"Replacement, restoration, repair of laptop hinges, Replacement, restoration of laptop case parts, Cleaning, prevention of the cooling system, replacement of thermoelements (lev IV)"
IT-14397,Asus ROG Strix Scar 17,Prevention,,"Cleaning, prevention of the cooling system, replacement of liquid metal and thermal interfaces (lev II), Restoration of heat transfer between memory chips / VRM and radiator using thermal pads FCR-AS / Kafuter / FEHONDA and others"
IT-14381,Hoco Black,After changing the cable - does not work,,
IT-14410,Apple A3403,"Install the latest ""Parallels Desktop for Mac"" 26 latest, on the OS, install all the basic software + Lightroom, Photoshop, SketchUp 24, try installing ArchiCAD (or some old one)",,"Installation of Microsoft Office package, Installation of specialized software (for 1 pc.), Activation of Microsoft Office, Activation of Windows OS"
IT-14377,Marshall Major 4,Reflash for bluetooth to work,,"Complex replacement, soldering of the connector, restoration of tracks on the board (power, audio, USB) of a smartphone, tablet, etc."
IT-14376,Asus G513IM,"Liquid metal replacement, phase transition, thermal pads, cleaning, remove the lower backlight cable",Conclusion: 🔍 Result of the work performed: The laptop is ready for delivery ✅ All agreed work has been completed in full. 🧰 Work performed: 🧹 Complete cleaning of the cooling system 🌡️ Replacement of liquid metal 🧊 Update of the thermal interface with phase transition 💧 Replacement of thermal pads 🔌 The lower backlight loop has been removed as agreed 🧪 Technical explanation: A comprehensive maintenance of the cooling system has been performed for stable operation of the laptop under load. After the service: ✔️ heat transfer between the chips and the radiator has been restored ✔️ the temperature regime has been improved ✔️ the cooling system is working correctly 📄 Conclusion: ✔️ All work has been completed ✔️ The laptop is working properly ✔️ The device is ready for further use,"Cleaning, prevention of the cooling system, replacement of liquid metal and thermal interfaces (lev II), Restoration of heat transfer between memory chips / VRM and radiator using thermal pads FCR-AS / Kafuter / FEHONDA and others"
IT-14359,Samsung Galaxy A15,Connector replacement,,"Replacement of connectors (power, audio, USB) of a phone, tablet"
IT-14372,Asus Vivobook 16X,Cleaning,,"Cleaning, prevention of the cooling system, replacement of phase transition thermoelements (factory) (lev VII), Restoration of heat transfer between memory chips / VRM and radiator using thermal pads FCR-AS / Kafuter / FEHONDA and others"
IT-14371,Asus FX505GM,"Matrix cover replacement, keyboard topcase replacement + phase transition cleaning",Conclusion: 🔍 Result of the work performed: The laptop is ready for delivery ✅ All agreed work has been completed in full. 🧰 Work performed: 🖥️ Replacing the matrix cover ⌨️ Replacing the top case together with the keyboard 🧹 Complete cleaning of the cooling system 🌡️ Updating the thermal interface with a phase transition 🧪 Technical explanation: The laptop's case has been restored and the cooling system has been fully serviced for stable operation under load. After the work performed: ✔️ the case has been restored ✔️ the keyboard works correctly ✔️ the temperature regime has been stabilized 📄 Conclusion: ✔️ All work has been completed ✔️ The laptop is completely ready for further use,"Replacement of modular keyboard with complete disassembly of the device, Replacement of matrix cover with complete disassembly of the device, Cleaning, prevention of cooling system, replacement of phase transition thermocouples (factory) (lev VII)"
IT-14354,Redmi Pad SE,"Charging slowly, initial diagnosis shows a problem with the connector",,"Replacement of connectors (power, audio, USB) of a phone, tablet"
IT-14370,Asus Vivobook 16X,Housing repair,,"Replacement, restoration of laptop case parts"
IT-14426,Marshall Major 4,Not charging,,
IT-14355,Dell Inspiron 3552,Connector replacement + case repair (So that it is not too expensive),,"Restoration, replacement of power connector, audio, connectors, USB, video (laptop, PC, tablet laptop, etc.)"
IT-14347,Lenovo Thinkpad X1 Yoga,Does not turn on (according to the customer - from the charging connector),"Conclusion: 🔍 Diagnostic result: Serious damage to the power supply circuits was detected. After applying voltage from the charging connector, a short circuit occurred, which led to the failure of the PWM controller and further damage to the central processor. 🧰 Work performed: — 🔎 Initial diagnostics of the board were carried out — ⚡ Short circuit detected in the power lines — 🧪 Key power elements (VRM, PWM) were checked — ❌ Critical damage to the processor was recorded 💡 Conclusion: The processor in this model is unsoldered on the motherboard, so its replacement is impossible separately. Repair involves replacing the entire motherboard, which in most cases is economically inexpedient.",Motherboard replacement with complete disassembly of the device and replacement of thermal interfaces
IT-14337,Motorola Edge 20 Pro,Something got into the connector.,,
IT-14335,Lenovo LOQ,Phase,,"Cleaning, preventive maintenance of the cooling system, replacement of phase transition thermocouples (factory) (lev VII)"
IT-14332,Dell STUDIO 1749,"Flooding, the screen didn't work, dried it - it started working, the touch bar doesn't work",,"Restoration of electronic boards of smartphones, tablets and portable equipment after liquid spills (cleaning, removal of oxidation and repair of damaged components), Delivery by Nova Poshta at the courier company's rate"
IT-14331,Lenovo Ideapad 1 15ALC7,Matrix replacement,,"Replacement of the matrix (display, screen) with complete disassembly of the device, cleaning, prevention of the cooling system, replacement of thermocouples with phase transition (factory) (lev VII)"
IT-14327,Lenovo Ideapad Gaming 3,WI-FI and battery not working,"Conclusion: 🔍 Diagnostic result: A malfunction was detected in the motherboard power supply unit, due to which there is no correct power supply to individual modules (in particular, Wi-Fi and the battery charging controller). This led to their incorrect operation or complete failure. 🧰 Work performed: — 🔧 Repair of the motherboard power supply circuits — 🔩Replacement of faulty microcircuits — ⚡ Restoration of stable power supply to the nodes — 🧪 Testing the operation of Wi-Fi and battery charging 💡 Conclusion: The motherboard is restored. The Wi-Fi module and battery charging system are working correctly. The device is ready for use.",Motherboard power supply repair with chip replacement and board restoration
IT-14323,Apple iPhone 12 Pro Max,Rear window and camera glass replacement,,Restoring the device with functional diagnostics
IT-14320,Asus MeMO Pad 10 ME102A,Tablet connector replacement,,"Replacement of connectors (power, audio, USB) of a phone, tablet"
IT-14315,Hoco Black,Cable replacement,,Replacing the cable in the laptop power supply without the cost of the cable
IT-14324,Asus M1603I,"Prevention, noise, temperature",,"Cleaning, preventive maintenance of the cooling system, replacement of thermoelements (lev III)"
IT-14353,Asus FX707ZC4-HX081,"Cleaning, phase change, thermal pads (customer brought)",,"Cleaning, prevention of the cooling system, replacement of phase transition thermoelements (factory) (lev VII), Restoration of heat transfer between memory chips / VRM and radiator using thermal pads FCR-AS / Kafuter / FEHONDA and others"
IT-14310,Black Black,Re-solder the part,,
IT-14348,Dell Vostro 15 3515,"Coffee spilled, clean, prevention, match thermal paste, thermal pads",,"Windows and software recovery + comprehensive ON-LINE maintenance (3 months), Cleaning, cooling system prevention, replacement of thermoelements (lev V), Cleaning the keyboard from sticky liquids and dirt (with full disassembly)"
IT-14334,Epson L3250,"Stopped working, turns on, doesn't print","Notes: 🔍 Result of diagnostics and performed work: The printer is ready for delivery ✅ During diagnostics, it was determined that the hardware part of the device is working properly, and the reason for the lack of printing was clogging of the print head / ink supply nozzles. 🧰 Performed work: 🧼 Flushing the print head 🖨️ Control print test after maintenance ❗ No parts were replaced After flushing: ✔️ ink supply restored ✔️ printing works correctly ✔️ no errors 🧪 Technical explanation: In Epson L3250 series models, this problem most often occurs due to: drying of ink in the nozzles irregular use of the printer long downtime After professional head flushing, printing was fully restored. 📄 Conclusion: ✔️ Printing restored ✔️ Parts were not replaced ✔️ The printer is ready for further use Conclusion: 🔍 Result of diagnostics and performed work: The printer is ready for delivery ✅ During diagnostics, it was established that the hardware part of the device is working properly, and the reason for the lack of printing was clogging of the print head / ink supply nozzles. 🧰 Performed work: 🧼 Print head flushing 🖨️ Control print test after maintenance ❗ Parts were not replaced After flushing: ✔️ ink supply restored ✔️ printing works correctly ✔️ no errors 🧪 Technical explanation: In Epson L3250 series models, this problem most often occurs due to: drying of ink in the nozzles irregular use of the printer long downtime After professional head flushing, printing is fully restored. 📄 Conclusion: ✔️ Printing restored ✔️ Parts were not replaced ✔️ The printer is ready for further use",Diagnostics of a device malfunction during warranty repair
IT-14308,Google Pixel 7,Display replacement,,Replacing the display (module) of a smartphone/tablet/navigator
IT-14309,Apple A1932,"It heats up, makes noise after preventive maintenance at another service, the screen may go out during a meeting, diagnose, the battery was changed 2 years ago, check the charging connector",,"Cleaning, preventive maintenance of the cooling system, replacement of phase transition thermocouples (factory) (lev VII)"
IT-14296,Hp 15s-eq1012ua,"Cleaning, thermal paste",,"Cleaning, prevention of cooling system, replacement of thermoelements (lev V)"
IT-14294,Asus FX505DV-AL110T,"Phase, thermal pads",,"Cleaning, prevention of the cooling system, replacement of phase transition thermoelements (factory) (lev VII), Restoration of heat transfer between memory chips / VRM and radiator using thermal pads FCR-AS / Kafuter / FEHONDA and others"
IT-14306,Kindle Paperwhite 2,Connector replacement,,"Replacement of connectors (power, audio, USB) of a phone, tablet"
IT-14345,Lenovo ThinkPad X1 Carbon,flooding,,"Cleaning, preventive maintenance of the cooling system, replacement of phase transition thermocouples (factory) (lev VII), Restoration of the touchpad and other laptop cursor control devices"
IT-14290,HP ENVY x360 13-ar0005ur,"The battery is swollen, the housing is detached, the working one",,"Cleaning, prevention of cooling system, replacement of thermoelements (lev V)"
IT-14295,Dell P56F,"Cleaning, thermal paste",,"Cleaning, prevention of cooling system, replacement of thermoelements (lev V)"
IT-14292,MSI MS-14D3,Windows reference,,Windows and software recovery + comprehensive ON-LINE maintenance (3 months)
IT-14333,Apple A1932,Battery replacement,,Battery replacement with complete disassembly of the device
IT-14285,Epson L3251,Does not print,,
IT-14293,Lenovo Ideapad gaming 3 15ACH6,"Phase, look at the thermal pads, diagnose the video card and processor (throttles)",,"Cleaning, preventive maintenance of the cooling system, replacement of phase transition thermocouples (factory) (lev VII)"
IT-14256,Lenovo Legion 5 Pro 16ARH7H,Phase,,"Cleaning, preventive maintenance of the cooling system, replacement of phase transition thermocouples (factory) (lev VII)"
IT-14258,Samsung Galaxy M23,Lack of bottom board - sound,,
IT-14278,Samsung Samsung SM-A245F/DSN,Drowned,,
IT-14277,Dell Vostro 3590,Keyboard replacement,,"Keyboard for DELL laptop (Inspiron: 7566, 7567) rus, black, without frame, Replacement of modular keyboard with complete disassembly of the device, Cleaning, prevention of the cooling system, replacement of thermoelements (lev IV)"
IT-14263,Awei Black,"It doesn't charge, the LED only lights up from USB but it doesn't charge.",,"Replacement of connectors (power, audio, USB) of a phone, tablet"
IT-14255,Acer ANV15-51,phase,,"Cleaning, preventive maintenance of the cooling system, replacement of phase transition thermocouples (factory) (lev VII)"
IT-14272,Hp 16-s0016ua,The screen keeps flashing (after replacing the battery and matrix),,
IT-14267,Xiaomi Poco X3,"Does not turn on, diagnose",,
IT-14252,Motorola XT2307-1,Replace display,,Replacing the display (module) of a smartphone/tablet/navigator
IT-14271,OnePlus CPH2409,firmware CPH2409 a13 global,,
IT-14241,Marshall Major 4,The left earbud is not working.,,headphone cable replacement
IT-14235,Acer A315-23,"Got wet, dried it myself, the master checked - it's dry inside. After getting wet, it doesn't turn on. With our charger - the LED lights up",,"Replacement of modular keyboard with complete disassembly of the device, cleaning, cooling system maintenance, replacement of thermoelements (lev IV)"
IT-14251,Asus FA506IU,"Cleaning, thermal paste",,"Cleaning, prevention of cooling system, replacement of thermoelements (lev IV)"
IT-14233,Acer AN515-54,Thermal paste,,"Cleaning, preventive maintenance of the cooling system, replacement of thermoelements (lev III)"
IT-14243,Hp ProBook 445 G8,Diagnose the keyboard (after playing),,"Replacement of modular keyboard with complete disassembly of the device, cleaning, cooling system maintenance, replacement of thermoelements (lev II)"
IT-14237,Asus FX516PC,CLEANING,,"Cleaning, prevention of the cooling system, replacement of thermoelements (lev IV), Restoration of heat transfer between memory chips / VRM and radiator using thermal pads FCR-AS / Kafuter / FEHONDA and others"
IT-14232,Asus TUF GAMING F15 FX516PC,Phase,,"Cleaning, prevention of the cooling system, replacement of phase transition thermoelements (factory) (lev VII), Restoration of heat transfer between memory chips / VRM and radiator using thermal pads FCR-AS / Kafuter / FEHONDA and others"
IT-14227,Hp 15-fd0188ua,Windows,,Windows and software recovery + comprehensive ON-LINE maintenance (3 months)
IT-14242,Asus Vivobook K513E,Check the matrix (match the thermal paste),,"Replacement of the matrix (display, screen) with complete disassembly of the device, cleaning, prevention of the cooling system, replacement of thermoelements (lev I)"
IT-14222,Asus X200CA,Office installation,,Microsoft Office activation
IT-14228,Hp 15-fd0188ua,Windows,,Windows and software recovery + comprehensive ON-LINE maintenance (3 months)
IT-14229,Hp 15-fd0188ua,Windows,,Windows and software recovery + comprehensive ON-LINE maintenance (3 months)
IT-14226,Hp 15-fd0188ua,Windows,,Windows and software recovery + comprehensive ON-LINE maintenance (3 months)
IT-14221,Asus Rog G713PU,"Thermal paste, look at liquid thermal pads, something crackles when turned on, does not install the latest Windows update (possibly TPM)",,"Cleaning, prevention of the cooling system, replacement of liquid metal and thermal interfaces (lev II)"
IT-14212,Asus FA506NF,"In the game when loading green stripes, maybe motherboard, video card, GPU chip, screen protector, test",,
IT-14209,Hp g6-2336sr,Thermal paste,,"Cleaning, prevention of cooling system, replacement of thermoelements (lev IV)"
IT-14213,Xiaomi Redmi Note 9 Pro,Volume buttons,,
IT-14206,Cooler Master Black,Restore Windows,,Windows/MacOS/Linux OS recovery and more.
IT-14203,TeamGroup L5 Lite,Clone,,
IT-14204,Asus M3500Q,"Problem with the right cooler (previously flew off the axis), agree on thermal paste, thermal pads (agree on the final price with the client before ordering)",,"Cleaning, preventive maintenance of the cooling system, replacement of phase transition thermocouples (factory) (lev VII)"
IT-14198,Black Black,Re-solder the part,,
IT-14200,Acer Aspire A515-45,The cooler does not start.,,"Delivery of the ZCH by Novaya Poshta at the courier company's rate, Installation, replacement of the cooling (radiator, cooler) of the device"
IT-14207,Asus UM3402Y,phase,,"Cleaning, preventive maintenance of the cooling system, replacement of phase transition thermocouples (factory) (lev VII)"
IT-14191,Asus zenbook 15,Matrix and housing,,"Replacement of the matrix (display, screen) with complete disassembly of the device, cleaning, prevention of the cooling system, replacement of thermocouples with phase transition (factory) (lev VII)"
IT-14187,Asus G634J,Liquid metal,"Conclusion: 🔍 Diagnostic result and work performed: During the initial inspection, it was found that after the previous intervention, the cooling system was significantly changed: the liquid metal was completely removed, the standard protection was removed, the liquid thermal pads were missing, and regular thermal paste was applied instead of the factory thermal interfaces. Because of this, the laptop worked with elevated temperatures and throttling. 🧰 Stage 1 of work (agreed with the client): At the first stage, it was decided not to use liquid metal immediately, since after the previous repair there was practically no protective barrier around the crystals, which created a high risk of liquid metal leakage and damage to the board. A replacement with a phase transition thermal interface was performed. After the work performed, the temperature improved only partially, but the high temperatures and throttling remained. 🧰 Stage 2 of work: A repeated, deeper preparation of the cooling system was performed: ✅ replacement with liquid metal ✅ preparation and grinding of the radiator surface ✅ restoration of correct thermal contact ✅ application of high-temperature silicone protection along the edge of the processor and video chip to minimize the risk of leakage After that, the temperature dropped significantly, but, unfortunately, throttling is still partially present. At the moment, this is the maximum possible work that can be performed under current conditions. ⚠️ Important technical conclusion: Unfortunately, it is currently impossible to accurately determine the condition of the BGA soldering and the CPU / GPU crystal itself. Due to prolonged preliminary overheating, there is a possibility that an internal crystal defect or degradation of BGA connections could have already formed, which could also be the cause of residual throttling. 💡 Possible stage 3 (after testing by the client): After a certain period of use, we recommend returning to the issue of ordering a complete factory kit of thermal interfaces specifically for this model. The materials that are currently available are not completely identical to the factory solution. We can request a factory kit, but there is no guarantee that the manufacturer will ship it separately. Estimated waiting time: 4–12 weeks. 💡 The laptop is given to the customer in working condition after the maximum possible cooling recovery at the moment. Please test it in real use and let us know about the behavior under load.","Restoration of heat transfer between memory chips / VRM and radiator using thermal pads FCR-AS / Kafuter / FEHONDA and others, Replacement / Repair of laptop cooling system, Cleaning, prevention of cooling system, replacement of liquid metal and thermal interfaces (lev III), Cleaning, prevention of cooling system, replacement of phase transition thermocouples (factory) (lev VII)"
IT-14184,Acer Aspire 15 AL15-45P,Install Fedora,,Windows/MacOS/Linux OS recovery and more.
IT-14218,Dell Inspiron P199F,"The screen glows red when turned on, sometimes (cable, matrix or video card). I refused the module, I want to do the cable itself at my own risk","Conclusion: 🔍 *Diagnostics result:* ❗ Color distortion (red tint) appears unstable ❗ The problem is related to signal transmission between the motherboard and the matrix ❗ Probable cause - wear or damage to the cable/matrix ❗ No signs of a video card malfunction were detected *🧠 Technical explanation:* In laptops, the video signal is transmitted from the motherboard to the matrix via a thin cable. Over time or due to mechanical loads (opening/closing the lid), the following may occur: – partial breakage of signal lines – contact breakage – degradation of the matrix itself This leads to incorrect color display (for example, a red screen) or flickering. *🏁 Conclusion:* 🔧 The display module assembly (matrix + cable) must be replaced. Local repair is not a reliable solution.",Replacing the laptop matrix cable
IT-14177,Apple A3434,Configure Office (Add-ons),,Installing Microsoft Office
IT-14180,Acer AN515-55,"Prevention, phased",,"Cleaning, prevention of the cooling system, replacement of phase transition thermoelements (factory) (lev VII), Restoration of heat transfer between memory chips / VRM and radiator using thermal pads FCR-AS / Kafuter / FEHONDA and others"
IT-14169,Acer SF314-41,"The screen does not work, diagnose (matrix or cable),",,"Laptop matrix cable restoration, cleaning, cooling system maintenance, replacement of phase transition thermocouples (factory) (lev VII)"
IT-14208,Dell Inspiron 15-7559,Phase,,"Cleaning, preventive maintenance of the cooling system, replacement of phase transition thermocouples (factory) (lev VII)"
IT-14175,Xiaomi Redmi Note 9 Pro,"The phone stopped recognizing wired headphones, if you turn it on, the speaker turns on, change the battery",,Battery replacement with complete disassembly of the device
IT-14168,Apple A1706,The discharge pipe does not turn on.,,Fault diagnosis with complete disassembly of the device
IT-14137,Samsung Galaxy S23 Ultra,Battery replacement,,Battery replacement with complete disassembly of the device
IT-14153,XIAOMI Mi Note 10,"The data has been transferred, you need to flash the firmware",,
IT-14143,Razer V3 Pro,Solder the part to the mouse board (soldered incorrectly),,Soldering mouse elements
IT-14174,Lenovo 80XR,"The case was made less than a year ago, it started falling apart almost immediately, activate Office and Windows, see if you can deliver the RAM",,Microsoft Office and Windows activation
IT-14156,Redmi M2101K7BNY,display,,Replacing the display (module) of a smartphone/tablet/navigator
IT-14140,Razer V3 Pro,Solder the part to the mouse board,,soldering mouse elements
IT-14133,Logitech G502X,"The left button sticks after pouring champagne (a long time ago), urgent diagnostics",,"Urgent diagnostics of device malfunction, Restoration of electronic boards of smartphones, tablets and portable equipment after liquid spills (cleaning, removal of oxidation and repair of damaged components), Replacement of microswitches of main buttons (L/R click)"
IT-14130,Xiaomi Black Shark 4,Display replacement,,Replacing the display (module) of a smartphone/tablet/navigator
IT-14123,Lenovo ThinkPad T410s,"They filled it with water, dried the outside themselves","Conclusion: 🔍 *Diagnostic result:* _During the initial inspection:_ no visible traces of flooding were found on the outside _After approval of the complete disassembly and dismantling of the cooling system:_ oxidation was detected on the motherboard traces of burning elements were recorded it was determined that the capacitor failed (there was a short circuit / breakdown) ❗ the processor power line was damaged (≈1.2V) ❗ the central processor (CPU) failed 📸 All photos of the inspection are available at the link provided. 👉 https://roapp.link/czpshR 🧰 *Works performed:* 🔧 Initial inspection of the device 🔧 Complete disassembly 🔧 Dismantling the cooling system 🔧 Inspection of the motherboard under magnification 🔧 Analysis of damaged power circuits 🧪 *Technical explanation:* _After liquid gets in:_ oxidation of contacts and elements occurs, short circuits are possible _In this case, this led to:_ ➡️ capacitor breakdown ➡️ damage to the processor power line (1.2V) ➡️ CPU failure _In modern laptops, the processor:_ soldered into the board (BGA) has a complex multilayer wiring 📄 *Conclusion:* The device has critical damage to the processor due to flooding. ⭐ *Recommendation:* ➡️ Replacing the motherboard ❗ _Replacing the processor separately:_ is not economically justified and does not guarantee stable operation ❗ *Currently, the motherboard is not available for ordering.*",
IT-14108,Lenovo A3LGTP100,"Battery, connector, firmware",,
IT-14111,Hp ProBook 450 G5,Battery replacement + look at the keyboard,,"Battery for HP 450 G5 laptop 11.4V 3500mAh 40Wh black, Keyboard replacement without complete device disassembly, Battery replacement, Battery with complete device disassembly"
IT-14090,Asus ADP-150CH B,Cable replacement,,Device power supply repair
IT-14091,Acer AN515-55,"Cleaning, thermal paste (1200)",,"Cleaning, prevention of the cooling system, replacement of thermoelements (lev V), Restoration of heat transfer between memory chips / VRM and radiator using thermal pads FCR-AS / Kafuter / FEHONDA and others"
IT-14131,Huawei ags-l09,FRP,,
IT-14097,Asus FA506IH,Laptop prevention (1200),,"Cleaning, prevention of the cooling system, replacement of thermoelements (lev V), Replacement of the keyboard button in the laptop"
IT-14088,Apple A2337,Poured coffee (a little),,"Cleaning, preventive maintenance of the cooling system, replacement of phase transition thermocouples (factory) (lev VII)"
IT-14076,Samsung Galaxy S7,"Battery replacement, customer battery",,
IT-14062,Apple MacBook Air,Diagnostics,,Fault diagnosis without disassembling the device
IT-14059,xtfy M4W,"Hitting the mouse, after hitting it the sound of the device disconnecting and it no longer turns on",,Fault diagnosis with complete disassembly of the device
IT-14147,Apple 11,"Does not charge from a wire, charges wirelessly (most likely the connector - diagnose, give an answer at a price)",,Disassembly / assembly of the device
IT-14057,Dell Inspiron P199F,"The screen glows red when turned on every time (cable, matrix or video card)","Conclusion: 🔍 *Diagnostics result:* ❗ Color distortion (red tint) appears unstable ❗ The problem is related to signal transmission between the motherboard and the matrix ❗ Probable cause - wear or damage to the cable/matrix ❗ No signs of a video card malfunction were detected *🧠 Technical explanation:* In laptops, the video signal is transmitted from the motherboard to the matrix via a thin cable. Over time or due to mechanical loads (opening/closing the lid), the following may occur: – partial breakage of signal lines – contact breakage – degradation of the matrix itself This leads to incorrect color display (for example, a red screen) or flickering. *🏁 Conclusion:* 🔧 The display module assembly (matrix + cable) must be replaced. Local repair is not a reliable solution.",Fault diagnosis with complete disassembly of the device
IT-14170,Asus X1403Z,prevention + emergency,,"Cleaning, preventive maintenance of the cooling system, replacement of phase transition thermocouples (factory) (lev VII)"
IT-14142,Samsung Galaxy A05s,diagnose/does not turn on,,
IT-14116,Xiaomi Mi Notebook Pro 14.0,Prevention + Windows 10,,
IT-14112,Samsung Galaxy A53 5G,Battery replacement,,
IT-14095,Lenovo Ideapad Gaming 3 16IAH7,Mix thermal paste (phase by default) and thermal pads,,
IT-14082,Dell Precision 7550,"Keyboard replacement, keyboard from the customer",,
IT-14067,Acer Nitro V15 ANV15-41,"Repaired in Kalush, changed parts, battery, it wouldn't charge",,
IT-14058,Asus S533F,Keyboard not working (replacement),"Conclusion: 🔍 Diagnostic result: ❗ The keyboard did not respond to pressing ❗ A malfunction of the keyboard module was detected ❗ Additionally, the cooling system required preventive maintenance 🧰 Work performed: ✔ Replacing the keyboard with a new one ✔ Transferring the keyboard backlight module from the old keyboard ✔ Cleaning the cooling system ✔ Replacing the processor thermal interface (10W thermal paste) ✔ Checking the operation of the keys and backlight 🧠 Technical explanation: In laptops, the keyboard is a separate module that can fail over time due to: – wear of the contact film – ingress of dust or moisture – mechanical damage A new keyboard was installed for this model. Since the new keyboard was supplied without a backlight module, the backlight was transferred from the old keyboard. Because of this, there is no backlight icon on the F7 key, but the backlight function itself works correctly. 🏁 Conclusion: 🔧 The keyboard has been replaced, the backlight has been restored. The laptop is working properly.",
IT-14054,Asus Vivobook M513U,Battery,"Conclusion: 🔍 Diagnostic result: ❗ The laptop battery had significant wear ❗ The battery life was greatly reduced ❗ The battery held a charge unstable 🧰 Work performed: ✔ Replacing the battery with a new one ✔ Cleaning the laptop from dust ✔ Cooling system prophylaxis ✔ Replacing the processor thermal interface (12W thermal paste) ✔ Checking the system operation after maintenance 🧠 Technical explanation: Over time, lithium-ion batteries lose their capacity due to natural wear. This leads to: – rapid discharge – unstable battery operation – possible sudden shutdowns After installing a new battery, the laptop works stably in offline mode again. 🏁 Conclusion: 🔧 The battery has been replaced, the cooling system prophylaxis has been performed. The laptop works stably.",
IT-14053,Lenovo Legion 5 15AHP10,Install Windows,,
IT-14051,Lenovo iOQ 15IAX9,"In the evening it started to turn off, we changed the operating system and drivers to another technician, tried a different charger, it worked for a while, then it turned off and won't turn on at all (the indicator also doesn't light up)",,
IT-14049,Lenovo 330-15ICH,"Keyboard problem, restore Windows (1500)",,
IT-14038,Acer A515-54G,Crack in the case near the monitor,"Conclusion: Case repair, hinge restoration, prevention + it is necessary to replace the cooler in the future, it is noisy.","Replacement, restoration of laptop case parts, cleaning, prevention of the cooling system, replacement of thermoelements (lev V)"
IT-14027,Asus Vivobook X1502Z,Keyboard cleaning,,"Cleaning, cooling systems, blowing the device with compressed air to remove powder and other substances, without replacing the thermoelements"
IT-14048,Acer Nitro 5,"Matrix failure, toy thrown at the screen",,
IT-14025,Xiaomi Mi 11 Lite,"Battery replacement (blown out) max bat, look at the sim input (slightly erased), the volume buttons are very sensitive","Conclusion: 🔍 Diagnostic result: ❗ The battery was deflated (dangerous condition) ❗ The SIM tray was worn and did not correctly fix the card ❗ The volume buttons worked unstable due to a worn cable ❗ The fingerprint module was additionally checked 🧰 Work performed: ✔ Replacing the battery ✔ Replacing the SIM card holder ✔ Replacing the volume button cable ✔ Replacing the cable with the fingerprint scanner ✔ Checking the operation of all functions 🧠 Technical explanation: – A deflated battery is a sign of element degradation and a potentially dangerous condition – A worn SIM tray can lead to loss of contact with the card – The button cable is responsible for signal transmission – when worn, hypersensitivity or incorrect reaction occurs After replacing these elements, the device works stably. 🏁 Conclusion: 🔧 The main components have been replaced, the smartphone is working properly.",Restoring the device with functional diagnostics
IT-14015,Gigabyte RC57,ssd + clone,,Windows and software recovery
IT-14016,EVOO EG-LP5BK19K01025,phase + gaskets if any,Conclusion: Replaced the phase,"Cleaning, preventive maintenance of the cooling system, replacement of phase transition thermocouples (factory) (lev VII)"
IT-14047,Valve 1010,"Prevention (best possible), look at L2 at an angle, it doesn't register a press, after a fall","Conclusion: 🔍 Diagnostic result: ❗ The set-top box has not previously undergone cooling system maintenance ❗ Pollution of the cooling system was detected ❗ The L2 trigger was not working correctly at a certain angle ❗ After the fall, the trigger sensor magnet shifted 🧰 Work performed: ✔ Complete prevention of the cooling system ✔ Cleaning the device from dust ✔ Replacing the thermal interface with a phase transition ✔ Disassembly and inspection of the L2 trigger mechanism ✔ Regluing and correct positioning of the trigger sensor magnet ✔ Complete testing of controllers and the cooling system 🧠 Technical explanation: In this model, the triggers use a magnetic position sensor (Hall sensor). After a fall, the magnet may shift, which leads to: – incorrect determination of the trigger position – loss of registration of pressing at a certain angle – unstable operation of the controller After the magnet is correctly installed, the sensor works correctly, and replacing the thermal interface improved heat dissipation. 🏁 Conclusion: 🔧 Prevention is completed, the L2 trigger is restored. The console works stably, the controls and cooling are in excellent condition.",
IT-14046,Acer Aspire A515-45,Prevention (1000) + hull repair,,
IT-14031,Apple 13 mini,"Change screen, goes beyond the scope",,
IT-14033,Asus Vivobook S15 K5504V,Keyboard replacement,,"Replacement of modular keyboard with complete disassembly of the device, cleaning, prevention of cooling system, replacement of phase transition thermocouples (factory) (lev VII)"
IT-14028,Acer Aspire 3 17,"Good, prevention (1200) + liquid, if necessary - confirm with the client",,"Cleaning, prevention of cooling system, replacement of thermoelements (lev V)"
IT-14011,Dell Latitude 7420,Does not turn on,,"Firmware, CMOS (BIOS) reprogramming with microcircuit desoldering and device disassembly"
IT-14005,Hp 15-ep0004ur,Prevention(1200),"Conclusion: 🔍 Diagnostic result: ❗ The cooling system is dirty ❗ CPU/GPU operating temperatures are too high ❗ Thermal paste has completely lost its thermal conductivity ❗ The cooler is worn out - it makes noise and spins unevenly 🧰 Work performed: ✔ Complete cleaning of the cooling system ✔ Replacing thermal paste (12 W/m·K) ✔ Cleaning the fan and radiator ✔ Testing temperatures under load 🧠 Technical explanation: In this HP model, the cooling unit often overheats due to: – a radiator clogged with dust – dried thermal paste – partial wear of the cooler, which loses its rotation speed Overheating leads to throttling, freezes and reduced performance. After updating the thermal interfaces, the temperature decreased, but the cooler still operates unstable. 🏁 Conclusion: 🔧 Prevention was successfully completed. Temperatures are normal, the laptop operates more stably.","Cleaning, prevention of cooling system, replacement of thermoelements (lev V)"
IT-14007,Logitech G513 Carbon,"Keys (K, T, 0, 1) do not work",,Restoring the device with functional diagnostics
IT-14004,Hp 16-s0016ua,Then the screen flashes,,
IT-14003,Apple a1707,"Stopped charging, possible hypothermia (this happened after the trip) + prevention (phase transition)",,"Cleaning, prevention of the cooling system, replacement of thermocouples with phase transition (factory) (lev VII), Battery replacement, battery with complete disassembly of the device"
IT-14009,Asus X200MA,Does not turn on,,"Cleaning, preventive maintenance of the cooling system, replacement of thermoelements (lev III)"
IT-14000,Redmi Redmi 10,"Battery or connector, not charging","Conclusion: 🔍 Diagnostic result: ❗ The device did not accept a charge ❗ A malfunction of the bottom board (charging port module) was detected ❗ The battery had signs of degradation 🧰 Work performed: ✔ Disassembling the smartphone ✔ Replacing the bottom board (charging connector module) ✔ Replacing the battery ✔ Assembling the device ✔ Checking the charging process and stability of operation 🧠 Technical explanation: In Redmi 10 series smartphones, charging occurs through the bottom board, which contains: – charging connector – communication controllers – power lines If the battery is damaged or worn out, the following may occur: – no charging – unstable cable contact – slow or intermittent charging After replacing the bottom board and battery, the power system works correctly. 🏁 Conclusion: 🔧 The replacement of the bottom board and battery was successful. The smartphone charges and operates normally.",Battery replacement with complete disassembly of the device
IT-13998,Google Pixel 9 PRO XL,"The battery is unstable, it was sent for repair (the cable was repaired, the battery was replaced), the screen flickers, tests show that the battery is working properly","Notes: The device was diagnosed after another service, from the surface it was not glued the battery (it is new here), the back cover was glued with cheap sealant, and the circuit board was also replaced, the display was never removed, which is a key point, due to the design of this model, in order to replace/remove the bottom board, it is necessary to remove the display module, here this was not done because the plate that holds the display circuit was not installed correctly after assembly, it pressed on the bottom of the display, which led to the failure of this part, no visual damage except for the points from this metal plate was noticed. It is necessary to replace the display module because during the diagnostics it was found that it works properly with the new one. You can also try to restore it at the client's risk, that is, to peel off the upper layers of the circuit board mask and the lower part to search for broken links. Conclusion: The device was diagnosed after another service, from the surface it turned out that the battery was not glued (it is new here), the back cover was glued with cheap sealant, and the printed circuit board was also replaced, the display was never removed, which is a key point, due to the design of this model, in order to replace/remove the bottom board, it is necessary to remove the display module, here this was not done because the plate that holds the display cable was not installed correctly after assembly, it pressed on the bottom of the display, which led to the failure of this part, no visual damage except for the points from this metal plate was noticed. It is necessary to replace the display module, since during the diagnostics it was found that it works properly with the new one. You can also try to restore it at the client's risk, that is, to peel off the upper layers of the cable mask and the lower part to search for broken links.",Fault diagnosis with complete disassembly of the device
IT-13994,Apple A2270,Glass replacement,Conclusion: Glass replaced,Replacing the display (module) of a smartphone/tablet/navigator
IT-13993,Lenovo Ideapad Gaming 3,It won't turn on after upgrading from Windows 10 to 11,"Conclusion: 🔍 Diagnostic result: ❗ The device did not show any signs of starting after the system update ❗ Corrupted BIOS firmware (error after Windows update) ❗ The startup chain did not initialize ❗ The cooling system needed to be removed again ❗ Thermal pads and thermal paste are worn out 🧰 Work performed: ✔ BIOS flashing using a programmer ✔ Desoldering and reflashing the BIOS chip ✔ Re-removal of the cooling system ✔ Replacing thermal interfaces with a phase transition (with a 50% discount) ✔ Testing the system startup and stability 🧠 Technical explanation: Windows updates sometimes change the microcode that interacts with UEFI/BIOS. In this model after the update: – BIOS was damaged – the laptop stopped going through the initialization stage – the power controller did not receive correct signals – the device looked “dead”, although the live part of the board was functional Reflashing the chip restored its operability. At the same time, the cooling system required maintenance - old thermoelements worsened heat dissipation. 🏁 Conclusion: 🔧 The laptop is completely restored. BIOS is flashed, the system starts properly. Thermal interfaces are updated, the temperature is normal.","Windows and software recovery + comprehensive ON-LINE maintenance (3 months), Firmware, CMOS (BIOS) reprogramming with microcircuit desoldering and device disassembly, Cleaning, cooling system maintenance, replacement of phase transition thermocouples (factory) (lev VII)"
IT-14041,Lenovo B50-30,Install Office,,
IT-13992,Hp Elitebook X360 1040 G6,"Updated drivers and BIOS, BIOS is not fully updated, does not respond to keyboard","Conclusion: *🔍 Diagnostic result:* During the diagnostics, it was found that during the driver and BIOS update process, the BIOS firmware was not completed correctly, as a result of which the device operates unstable and does not respond to the keyboard. Additionally, it was found that the problem concerns the multicontroller firmware (EC / Embedded Controller) - this node is responsible for: keyboard operation power button charging power management interaction with the BIOS *🧰 Technical explanation:* In this case, to restore operation, it is necessary to flash the multicontroller via a special programmer. This procedure is not performed in the standard way, but through service equipment with direct access to the microcircuit. ❗ Important point: the firmware for this multicontroller is not freely available. For further repair, it is necessary to: either extract it from a donor of a similar motherboard or try to restore / read from an existing BIOS dump *📄 Conclusion:* At the moment, the repair has not been carried out, since to continue, you need: ➡️ multicontroller firmware file ➡️ or donor board Without this, recovery is impossible.",Fault diagnosis with complete disassembly of the device
IT-13991,Apple a1707,Restore macOS,,
IT-13977,Lenovo Legion 5,Matrix replacement + phase,,"Cleaning, prevention of the cooling system, replacement of thermoelements with phase transition (factory) (lev VII), Battery for a used LENOVO laptop, Replacement of the motherboard with complete disassembly of the device"
IT-13981,Acer 315-58,"The screen flashes when loading, clean it",,"Cleaning, preventive maintenance of the cooling system, replacement of phase transition thermocouples (factory) (lev VII)"
IT-13968,Apple A2338,"The charger (hole) does not work, check the camera",,
IT-13983,Lenovo Ideapad Gaming 3,Phase transition + liquid thermal pads,"Conclusion: 🔍 Diagnostic result: ❗ The device did not show any signs of starting after the system update ❗ Corrupted BIOS firmware (error after Windows update) ❗ The startup chain did not initialize ❗ The cooling system needed to be removed again ❗ Thermal pads and thermal paste are worn out 🧰 Work performed: ✔ BIOS flashing using a programmer ✔ Desoldering and reflashing the BIOS chip ✔ Re-removal of the cooling system ✔ Replacing thermal interfaces with a phase transition (with a 50% discount) ✔ Testing the system startup and stability 🧠 Technical explanation: Windows updates sometimes change the microcode that interacts with UEFI/BIOS. In this model after the update: – BIOS was damaged – the laptop stopped going through the initialization stage – the power controller did not receive correct signals – the device looked “dead”, although the live part of the board was functional Reflashing the chip restored its operability. At the same time, the cooling system required maintenance - old thermoelements worsened heat dissipation. 🏁 Conclusion: 🔧 The laptop is completely restored. BIOS is flashed, the system starts properly. Thermal interfaces are updated, the temperature is normal.","Cleaning, preventive maintenance of the cooling system, replacement of phase transition thermocouples (factory) (lev VII)"
IT-14039,Dell Inspiron 15,Improve,,
IT-13961,HP 450,"Remove battery, check +-30min",,
IT-13960,Apple A1708,"No information, system hangs, may need to reinstall macOS, possibly replace SSD","Conclusion: 🔍 Diagnostic result: ❗ The laptop froze or worked unstable during operation ❗ Problems with the SSD drive were detected ❗ Due to drive errors, the system worked incorrectly and could freeze 🧰 Work performed: ✔ Dismantling the faulty drive ✔ Installing a new 256 GB SSD ✔ Checking the system startup ✔ Testing the stability of the laptop 🧠 Technical explanation: The SSD drive is responsible for storing the operating system and all laptop data. If it is damaged or degraded, the following may occur: – system freezes – slow operation – startup errors After installing the new drive, the laptop works stably. 🏁 Conclusion: 🔧 The faulty SSD was replaced with a new one (256 GB). The laptop works stably.",Restoring the device with functional diagnostics
IT-13958,Asus FX706H,"Phase, if necessary - thermal pads",,"Cleaning, prevention of the cooling system, replacement of phase transition thermoelements (factory) (lev VII), Restoration of heat transfer between memory chips / VRM and radiator using thermal pads FCR-AS / Kafuter / FEHONDA and others"
IT-13957,Apple iPhone 11 Pro Max 2020,Screen replacement,"Conclusion: *🔍 Diagnostic result:* The device got wet. The main problem is unstable contact of the display cable, which is why the screen did not work periodically. The display module itself is working. *🧰 Work performed:* 🔧 Professional diagnostics after moisture ingress 🧼 Cleaning and inspection of the display cable connection area 🩹 Restoring the cable contact (fixing with a pad) 🛠️ Checking the device's operation after restoring contact *💡 Conclusion:* The display did not change, because the reason was not in it. The cable contact is stabilized. ⚠ Due to the presence of moisture, repeated manifestations are possible in the future - we recommend monitoring the operation.",Restoring the device with functional diagnostics
IT-13956,Dell P105F,"After replacing the keyboard, the sound does not work, the headphones work, maybe the cable",,"Cleaning, preventive maintenance of the cooling system, replacement of phase transition thermocouples (factory) (lev VII)"
IT-13949,Medion P9614,"Monoblock. Improve, see if it's worth it, Windows for 1200, save information (with saving)","Conclusion: 🔍 Diagnostic result: ❗ The operating system was unstable, there were service failures and freezes ❗ Thermal paste and thermal pads were dried out, the cooling system was inefficient ❗ Inside — significant dust contamination ❗ The SSD needed replacement/upgrade for normal operation speed ❗ It is recommended to install an SSD instead of the old HDD 🧰 Work performed: ✔ A new 256 GB SSD was installed ✔ A complete Windows OS recovery ✔ A set of necessary software and drivers was installed ✔ A complete cleaning of the cooling system was performed ✔ Replacement of thermal interfaces (thermal paste / thermal pads) ✔ Optimization of startup and services ✔ Final stability testing 🧠 Technical explanation: Monoblocks of this generation work much slower on old mechanical drives. After installing an SSD, the system and program loading speed increases by 5–7 times. Dried thermal interfaces caused: – increased temperatures – periodic freezes – resetting processor frequencies After replacing the thermoelements and cleaning the cooling, the all-in-one works stably. 🏁 Conclusion: The work was completed successfully. 🔧 Installed a 256 GB SSD, restored Windows, performed preventive maintenance and cleaning. The all-in-one works faster, more stably and is suitable for further use.","Windows OS recovery with software package + Cleaning, laptop prevention with replacement of thermal pads"
IT-13955,Apple 13 Pro,Battery,,"Restoring the battery (rechargeable battery, accumulator) of the device with complete disassembly"
IT-13948,Hp 16-ag0032ua,Windows,"Conclusion: 🧰 Work performed: 💻 Full Windows recovery: – repair of system components – recovery of the bootloader – optimization of services and drivers – removal of incorrect software 🛠 Software configuration and update: – installation of necessary programs – settings for stable operation – optimization of auto-startup 🌐 Comprehensive ON-LINE service (3 months): – remote support – prompt system configuration – cleaning from viruses / adware – online performance optimization 🧠 Technical explanation: Over time, Windows accumulates errors in drivers, caches and service files. This leads to: – freezes – long startup – program conflicts – unstable system operation After the OS recovery and optimization, the system works stably and quickly. 🏁 Conclusion: The work is done — Windows is restored, the software is configured, 3 months of full online support are provided.",Windows and software recovery + comprehensive ON-LINE maintenance (3 months)
IT-13941,iGet SMART L104,"Changed the socket, it doesn't turn on, maybe the battery",,Fault diagnosis with complete disassembly of the device
IT-13938,Samsung Samsung SM-M356B/DS,charging connector,"Conclusion: 🔍 Diagnostic result: ❗ The charging connector was mechanically damaged ❗ No other hardware malfunctions were detected 🧰 Work performed: 🧩 Replacing the charging connector 🔧 Carefully dismantling the board and disconnecting the old connector ⚡ Installing a new connector 🧪 Checking charging, fast charging and data transfer - everything works correctly 🧠 Technical explanation: Damage to the connector led to: - loss of contact during charging - increased heating of the connector - risk of further damage to the board After replacement, the connector is fully restored, charging is stable. 🏁 Conclusion: Repair completed - the charging connector is replaced, the smartphone is working normally.","Replacement of connectors (power, audio, USB) of a phone, tablet"
IT-13942,Apple A1419,"OS, high-speed",Conclusion: Operating system with applications installed,Windows/MacOS/Linux OS recovery and more.
IT-13944,ASUS K413E,Not loading,,"Cleaning, prevention of the cooling system, replacement of thermocouples with phase transition (factory) (lev VII), Battery replacement, battery with complete disassembly of the device"
IT-13947,Hp 16-ag0032ua,Windows,"Conclusion: 🧰 Work performed: 💻 Full Windows recovery: – repair of system components – recovery of the bootloader – optimization of services and drivers – removal of incorrect software 🛠 Software configuration and update: – installation of necessary programs – settings for stable operation – optimization of auto-startup 🌐 Comprehensive ON-LINE service (3 months): – remote support – prompt system configuration – cleaning from viruses / adware – online performance optimization 🧠 Technical explanation: Over time, Windows accumulates errors in drivers, caches and service files. This leads to: – freezes – long startup – program conflicts – unstable system operation After the OS recovery and optimization, the system works stably and quickly. 🏁 Conclusion: The work is done — Windows is restored, the software is configured, 3 months of full online support are provided.",Windows and software recovery + comprehensive ON-LINE maintenance (3 months)
IT-13935,Samsung NP-RV511,Change nest,"Conclusion: *🔍 Diagnostic result:* ❗ The charging connector had a mechanical break ❗ The power contact was unstable ❗ The thermal paste lost its thermal conductivity ❗ No other malfunctions were detected *🧰 Work performed:* 🧩 _The charging connector was resoldered with a new one_ ❄️ Replacing _the thermal paste with a high-efficiency 10-watt one_ 🧪 Checking the operation of charging, startup, and temperatures — _everything is stable_ *🧠 Technical explanation:* The damaged connector caused a power interruption, which could lead to a sudden shutdown of the laptop. The old thermal paste increased the heating of the processor, which could cause freezes and a decrease in performance. After replacing the connector and updating the thermal interface, _the device works correctly._ *🏁 Conclusion:* Repair completed — the charging connector was replaced, the thermal paste was updated, the laptop works stably.","Restoration, replacement of power connector, audio, connectors, USB, video (laptop, PC, tablet laptop, etc.), Cleaning, prevention of the cooling system, replacement of thermoelements (lev IV)"
IT-13936,HP 255,"Hangs, trots","Conclusion: 🔍 Diagnostic result: ❗ The charging connector had a mechanical break ❗ The power contact was unstable ❗ The thermal paste lost its thermal conductivity ❗ No other malfunctions were detected 🧰 Work performed: 🧩 The charging connector was resoldered with a new one ❄️ Replacing the thermal paste with a high-efficiency 10-watt one 🧪 Checking the operation of charging, startup, and temperatures - everything is stable 🧠 Technical explanation: The damaged connector caused a power interruption, which could lead to a sudden shutdown of the laptop. The old thermal paste increased the heating of the processor, which could cause freezes and a decrease in performance. After replacing the connector and updating the thermal interface, the device works correctly. 🏁 Conclusion: Repair completed - the charging connector was replaced, the thermal paste was updated, the laptop works stably.","Cleaning, prevention of cooling system, replacement of thermoelements (lev IV), Optimization of computer performance, cleaning of the OS system"
IT-13934,Hp 16-s0016ua,"The screen is flashing, maybe the video card",,"Cleaning, preventive maintenance of the cooling system, replacement of phase transition thermocouples (factory) (lev VII)"
IT-13937,Asus G513Q,"turns on, screen does not work, maybe matrix, processor, video card",,"Replacing the matrix (display, screen) with complete disassembly of the device, Cleaning, preventive maintenance of the cooling system, replacing thermal elements with a phase transition (factory) (lev VII), Restoring heat transfer between memory chips / VRM and the radiator using thermal pads FCR-AS / Kafuter / FEHONDA and others"
IT-13933,Marshall Major 4,"the button on the headphones, the charging light (cable)",,Restoring the device with functional diagnostics
IT-13932,Apple 13 mini,Change screen,,Replacing the display (module) of a smartphone/tablet/navigator
IT-13931,iGet SMART W8 Kids,Change screen,"Conclusion: 🔍 Diagnostic result: ❗ The screen is completely faulty, a complete module replacement is required ❗ Compatibility checked - original and compatible displays are not supplied for this model ❗ There are no suitable spare parts on sale, replacement is not possible 🏁 Conclusion: 🔧 No repair. Spare parts for this model are not produced and are not available for order, so it is impossible to replace the screen.",
IT-13926,Realme Realme RMX3263,Battery replacement,"Conclusion: *🔍 Diagnostic result:* ❗ Battery wear detected ❗ Battery capacity reduced — the smartphone was discharging quickly ❗ No other hardware malfunctions detected *🧰 Work performed:* 🔋 Replacing the battery with a new one 🧰 Carefully disconnecting and dismantling the old battery ⚡ Checking the power controller 🧪 Testing autonomy after replacement *🧠 Technical explanation:* A worn-out battery loses capacity, internal resistance increases — because of this: – the smartphone runs down faster – sudden shutdowns are possible – stability under load deteriorates After installing a new battery, autonomy and stability of operation were restored. *🏁 Conclusion:* Repair completed — the battery was replaced, the smartphone works stably.",Battery replacement with complete disassembly of the device
IT-13912,Acer Nitro 5,"The absence or damage of the network adapter driver, due to which the device does not see the Internet connection, a malfunction of the mini-jack port (the headphone input does not work), as well as partial incorrect operation of the keyboard, probably due to wear or damage to the contacts.","Conclusion: 🔍 Diagnostic result: ❗ Mechanical damage/breakage in the board's cable was detected ❗ Due to a break in the signal lines, the following did not work: – network adapter – mini-jack port – part of the keyboard ❗ The cooling system was dirty ❗ Thermal paste dried up, liquid thermal pads lost heat conductivity ❗ The client asked to insert a DDR4 module 🔍 Additional notes during diagnostics ❗ The motherboard was overheating a lot. ❗ There are traces of previous soldering all over the board. ❗ Cheap thermal elements were used, replacing the original ones. ❗ Most likely, the bridge and video card were replaced. ❗ Non-original RAM with different parameters was installed. ❗ The cable to the additional expansion board (sound and USB) was damaged. 🧰 Work performed: -Replacing the motherboard's cable — the network, mini-jack, and keyboard are restored -Preventive cleaning of the laptop -Replacing thermal interfaces: – original thermal paste from the manufacturer – liquid thermal pads on VRM and memory - Installed DDR4 8GB 2800 MHz RAM module -Full temperature and functional test — stable, no errors 🧠 Technical explanation: A damaged motherboard cable often causes “complex” malfunctions: – lack of a network adapter – problems with sound or lack of response to headphones – incorrect operation of individual keys Since the cable transmits several groups of signals simultaneously, even partial damage could lead to all three symptoms. After replacing the cable, all modules resumed work. Prevention was also carried out — Nitro 5 heats up a lot, so replacing thermal interfaces significantly improves stability and extends the laptop's resource. 🏁 Conclusion: Repair completed — the cable has been replaced, the cooling has been serviced, RAM has been added, all components are working correctly.","USB board cable, Audio Acer Nitro 5 AN515-53, NBX0002CQ00, Delivery by Nova Poshta at the courier company's rate, Cleaning, cooling system maintenance, replacement of phase transition thermoelements (factory) (lev VII), Restoration of heat transfer between memory chips / VRM and radiator using thermal pads FCR-AS / Kafuter / FEHONDA and others"
IT-13916,Samsung Galaxy S24 FE,"Not charging, moisture has entered",,"Replacement of connectors (power, audio, USB) of a phone, tablet"
IT-13911,Dell 15,"does not turn on, case repair",,"Firmware, reprogramming CMOS (BIOS) with desoldering of the microcircuit and disassembly of the device, Replacement, restoration of laptop case parts, Cleaning, prevention of the cooling system, replacement of thermoelements (lev IV)"
IT-13910,XIAOMI Mi Note 10,"In December - the microphone, in January it started to restart, the sound works intermittently, the speaker did not work, yesterday it turned off and would not charge, after 40 minutes it turned on,",,Fault diagnosis with complete disassembly of the device
IT-13909,Apple 11 Pro,"Doesn't turn on, doesn't charge",,Battery replacement with complete disassembly of the device
IT-13905,Samsung SM-M336B/DS,display overlay,,Replacing the display (module) of a smartphone/tablet/navigator
IT-13907,Acer TravelMate P214-53,"After external intervention (repair of hinges, pressing the CMOS reset button), the sound on the built-in speakers disappeared. After 2 days, the laptop stopped turning on. Possible problem with the BIOS or power supply.","Conclusion: 🔍 Diagnostic result: ❗ Significant damage to the PCB in the hinge mounting area was detected ❗ Previous ""gluing"" left mechanical and thermal defects ❗ Mounting points were torn out along with the PCB layers ❗ Restoration of the case structure is no longer possible and unprofitable 🧠 Technical explanation: When the hinges are glued instead of high-quality restoration: – glue penetrates between the PCB layers – when the lid moves again, even more PCB layers are torn out – the geometry of the base is damaged, to which it is impossible to securely fasten the hinges again Repair in the following cases: – requires complete reconstruction of the structure – does not guarantee fixation – costs more than replacing the PCB/case 🧰 Possible options: 🔧 Local repair is not recommended — unreliable and short-lived 🔧 Practical solution — search for the motherboard and case on AliExpress / disassembly 🏁 Conclusion: The malfunction is confirmed. Damage to the PCB after anti-repair cannot be repaired with high quality. The best option is to replace the motherboard, the cheapest option is to order it from AliExpress.",Fault diagnosis with complete disassembly of the device
IT-13898,Acer AN517-54,Does not recharge,"Conclusion: 🔍 Diagnostic result: After the previous repair, several re-checks of the motherboard were carried out: the charging circuits were checked according to the schematics, other working components were substituted, multiple performance tests were carried out ❗ Despite this, the battery did not accept a charge For the purpose of final verification: 🔋 another (test) battery was installed ✔️ The laptop works correctly and charges with another battery 🧰 Work performed: 🔧 Re-diagnosis after repair 🔧 Checking the charging circuits 🔧 Testing with component substitution 🔧 Checking operation with another battery 🧪 Technical explanation: The problem was found in the battery itself (battery): the battery does not accept a charge does not interact correctly with the charging system blocks the normal operation of the power supply unit This may be due to: degradation of elements malfunction of the battery controller (BMS) 📄 Conclusion: The motherboard is working properly. The cause of the malfunction is the battery. ⭐ Recommendation: ➡️ 🔋 Battery replacement 💰 Battery cost: 2600 UAH ✋ Approval required: Do you approve battery replacement?",Battery replacement with complete disassembly of the device
IT-13895,Xiaomi Poco X3,display replacement,,Restoring the device with functional diagnostics
IT-13887,Asus K513E,battery replacement,,
IT-13894,Samsung A315F,diagnostics,"Conclusion: 🔍 Diagnostic result: ❗ A malfunction of the central processor has been detected ❗ The device does not undergo correct system initialization ❗ The operation of system nodes is unstable ❗ The problem is hardware in nature 🧠 Technical explanation: In smartphones of this series, the processor is the central element that controls the entire system. If it is damaged, the following symptoms may occur: – no system startup – freezes or cyclic reboots – no response to power supply The processor in this model is integrated into the motherboard, so its replacement is technically very difficult and economically unprofitable. 🏁 Conclusion: ⚠ No repair. The malfunction is related to the processor, so repair is economically inexpedient.",Fault diagnosis with complete disassembly of the device
IT-13885,Lenovo iOQ 15IAX9,"Prevention, phase",,"Cleaning, preventive maintenance of the cooling system, replacement of phase transition thermocouples (factory) (lev VII)"
IT-13879,Samsung Galaxy A70,Replacing the bottom board and battery,,Restoring the device with functional diagnostics
IT-13883,Asus FX506LH,Replacing coolers and phase,,"Cleaning, preventive maintenance of the cooling system, replacement of phase transition thermocouples (factory) (lev VII), Installation, replacement of the cooling (radiator, cooler) of the device"
IT-13872,Xbox Elite Series 2,RB works every other time,"Conclusion: 🔍 Diagnostic result: ❗ Pollution and wear of the RB button mechanism was detected ❗ Deteriorated contact when pressed ❗ The gamepad housing is of low quality (probably not original or replaced), which also affects the operation of the buttons 🧰 Work performed: ✔ Cleaning the buttons and contact areas ✔ Lubricating the mechanisms ✔ Replacing the battery ✔ Checking the operation of the buttons after maintenance 🧠 Technical explanation: The RB/LB buttons work due to mechanical pressure on the microswitch. Over time or when using a poor-quality housing: – the button may not press against the switch – dirt accumulates – the contact deteriorates This causes unstable operation (does not work every time). 🏁 Conclusion: 🔧 The button operation has been restored, the gamepad works correctly.","Battery replacement, battery with complete disassembly of the device, Cleaning, washing of the manipulator stick, joystick, gamepad"
IT-13870,Lenovo iOQ 15IAX9,cooler replacement,,"Cleaning, prevention of the cooling system, replacement of phase transition thermoelements (factory) (lev VII), Restoration of heat transfer between memory chips / VRM and radiator using thermal pads FCR-AS / Kafuter / FEHONDA and others"
IT-13869,Acer A515-57,upgrade+prevention+OS with preservation,,"Cleaning, preventive maintenance of the cooling system, replacement of phase transition thermocouples (factory) (lev VII), Windows and software recovery + comprehensive ON-LINE maintenance (3 months)"
IT-13925,Acer Nitro 5,Phase + gaskets,,"Cleaning, prevention of the cooling system, replacement of phase transition thermoelements (factory) (lev VII), Restoration of heat transfer between memory chips / VRM and radiator using thermal pads FCR-AS / Kafuter / FEHONDA and others"
IT-13865,Lenovo 16IAH7,phase transition,,"Cleaning, preventive maintenance of the cooling system, replacement of phase transition thermocouples (factory) (lev VII)"
IT-13920,XIAOMI Mi 11 Lite 5G,"Replace the battery and cover from another phone, glue it well","Notes: 📄 Written explanation from the IT-TECH service center Device: XIAOMI Mi 11 Lite 5G smartphone SN: 861783056915043 Service: Battery and back cover replacement (customer's spare parts) 🔍 Description of the detected damage During preparation for the work, the engineer found that the battery provided by the customer had damage to the connector on the cable. The damage makes it impossible to install the part and may lead to incorrect operation or failure of the device. 🧰 Stage at which the defect was detected The defect was detected at the stage of technical inspection of the spare part before installation, when the engineer received the battery in the work area. Explanation: When receiving the device, the administrator does not conduct a technical assessment of the condition of the spare parts provided by the customer. This is due to the fact that administrative personnel do not have access to tools and knowledge to determine the health of electronic components. The customer brought the battery as his own spare part, so the initial technical inspection is performed exclusively by the engineer immediately before installation. After unpacking the battery, the engineer discovered damage to the connector, the part was not installed. The customer was immediately notified of the defective part. 📌 Actual circumstances The customer brought his own battery for replacement. During the engineering inspection, a damaged connector was discovered on the battery cable. The part was not installed, no replacement work was performed. The next day, the customer picked up the part to return to the seller. 🏁 Service center conclusion The IT-TECH service did not perform any actions that could lead to damage to the battery or its connector. The damage was present before the engineer intervened, and was detected immediately during unpacking and technical inspection of the customer's spare part.",Battery replacement with complete disassembly of the device
IT-13867,Asus FX516PM,"It turns on, loads on the additional screen, the native matrix goes out and does not display the image.","Conclusion: 🔍 Diagnostic result: ❗ The built-in screen periodically ""disappears"" or does not initialize ❗ When starting up, the laptop stably displays the image only on the external monitor ❗ All combinations with cables and matrices did not give a result ❗ Random appearance of the image on the native matrix → a typical sign of CPU degradation (built-in video core / display controller) 🧰 What was checked: 🔧 We threw in a new matrix - no change 🔧 We threw in a new cable - no change 🔧 We put the old cable on the new matrix and the new cable on the old matrix - the symptoms are the same 🔧 The backlight control works, power is supplied to the matrix 🔧 The laptop works stably on the external monitor All this completely excludes the matrix, cable, backlight and power as the cause. 🧠 Technical explanation: In this Asus series, the display controller is integrated inside the processor (CPU). When it starts to degrade: – the matrix can be initialized randomly (sometimes it appears, sometimes it doesn't) – the image works stably only through the external video output – the cables/matrices do not affect the behavior – this is a progressive malfunction, typical for Intel mobiles in thin models This is a direct marker of the display controller failure in the CPU. 🏁 Conclusion: The malfunction is confirmed. The reason is the processor failure, namely: degradation of the built-in matrix controller. The matrix and cable are completely functional. CPU repair is impractical → motherboard replacement is required. 💬 Recommendations: – the laptop can only be continued to be used with an external monitor – for a full recovery, a donor board or a new motherboard is required – I can choose available replacement options",Fault diagnosis with complete disassembly of the device
IT-13858,Asus X515JA,hull repair,,"Replacement of a modular keyboard with complete disassembly of the device, Cleaning, prevention of the cooling system, replacement of thermoelements (lev IV), Replacement, restoration, repair of laptop hinges, Replacement, restoration of laptop case parts"
IT-13863,Samsung Galaxy A10,Module replacement,,Replacing the display (module) of a smartphone/tablet/navigator
IT-13859,HP 15,cooler error after impact,,"Device recovery with functional diagnostics, Windows OS activation"
IT-13856,Acer Nitro 5 AN515-45,Laptop prevention,,"Cleaning, prevention of the cooling system, replacement of phase transition thermoelements (factory) (lev VII), Restoration of heat transfer between memory chips / VRM and radiator using thermal pads FCR-AS / Kafuter / FEHONDA and others"
IT-13845,Asus R556U,USB ports not working,"Notes: Proc, not worth it Conclusion: 🔍 Diagnostic result: ❗ USB lines are not initialized ❗ Port power is present, but there is no data exchange ❗ USB controller is integrated into the central processor ❗ Degradation of part of the logic of the built-in USB controller was detected 🧠 Technical explanation: In this model, the USB controller is located inside the processor (CPU). If USB fails, this always indicates: – crystal degradation – damage to the internal bus – inability to restore by software or standard hardware methods CPU repair is technically possible only by completely replacing the processor at a BGA station, which is: – difficult – expensive – economically impractical for this series of laptops 🧰 Recommended solution: 🔧 Replacing the motherboard from scrap / donor At the moment, we do not have such motherboards in stock, but they can be found on: – OLX – eBay – AliExpress – laptop disassembly 🏁 Conclusion: The malfunction is confirmed. USB recovery is not possible because the problem is with the processor. The best solution is to replace the motherboard.",Fault diagnosis with complete disassembly of the device
IT-13854,Dell Inspiron 15,flooded,,"Cleaning, prevention of cooling system, replacement of thermoelements (lev V)"
IT-13819,Oppo A12,Does not turn on after cold,,
IT-13861,Dell Inspiron 3552,Improve,,"Windows OS recovery with software package + Cleaning, laptop prevention with replacement of thermal pads"
IT-13809,Dell Inspiron 7573 2-in-1,"Battery replacement + keyboard replacement, a little dull - Reinstall OS",,
IT-13805,Asus S5602Z,MP replacement,,"Cleaning, preventive maintenance of the cooling system, replacement of phase transition thermocouples (factory) (lev VII)"
IT-13857,Asus F540S,matrix replacement,,
IT-13795,Asus G531GD,Prevention,,"Cleaning, prevention of the cooling system, replacement of phase transition thermoelements (factory) (lev VII), Restoration of heat transfer between memory chips / VRM and radiator using thermal pads FCR-AS / Kafuter / FEHONDA and others"
IT-13793,Lenovo ThinkBook 14,os+phase,,"Cleaning, prevention of cooling system, replacement of phase transition thermocouples (factory) (lev VII), Windows and software recovery"
IT-13847,Apple A2141,phase + system,,Fault diagnosis with complete disassembly of the device
IT-13791,Dell Inspiron 3542,"RAM, keyboard, cleaning",,"Keyboard for DELL laptop, Cleaning, prevention of cooling system, replacement of thermoelements (lev IV), Restoration of cooler (fan) operation"
IT-13789,Xiaomi 12X,Battery and bottom board replacement,,Restoring the device with functional diagnostics
IT-13785,Asus FX607VU,Matrix Replacement,,"Replacing the matrix (display, screen) with complete disassembly of the device"
IT-13782,Asus UM431D,The image disappears when moving. We changed the matrix earlier.,,"Cleaning, preventive maintenance of the cooling system, replacement of thermoelements (lev IV), Delivery to Ukraine by Nova Poshta at the courier company's rate, Replacement of the laptop matrix cable with complete disassembly and regluing of the matrix, display (dismantling and installation)"
IT-13784,Blackview Tab 6,Display replacement,,Replacing the display (module) of a smartphone/tablet/navigator
IT-13772,Acer AN515-45,"bsod, does not turn on",,Windows and software recovery
IT-13769,Leabon W7,GPU,,
IT-13762,Xiaomi Xiaomi Pad 5,Does not turn on,,
IT-13763,System unit Black-Grey,"When the OS loads, it goes out.",,
IT-13758,Dell Inspiron 7570,Replace battery + cuts out when playing games,,"Original battery for DELL laptop, Battery replacement, Battery with complete disassembly of the device"
IT-13753,Asus X541NA,"Keyboard replacement, touchpad not working, check for operability before repair",,"Restoration, replacement of power connector, audio, connectors, USB, video (laptop, PC, tablet laptop, etc.)"
IT-13830,Google Pixel 5,Pull out a seven,,Restoring the device with functional diagnostics
IT-13751,Xiaomi Redmi 9T,Module,,Replacing the display (module) of a smartphone/tablet/navigator
IT-13821,Lenovo TB-X104F,Not charging + flash,"Conclusion: 🔍 Diagnostic result: ❗ The charging connector was faulty — replaced ❗ We tried another working battery — the same symptom ❗ When the tablet is turned off, charging is going on ❗ When turned on — charging immediately disappears ❗ There are no signs of life / does not load ❗ High probability of a short circuit on the motherboard (short circuit) ❗ Firmware is NOT possible with a hardware short circuit 🧰 Work performed: 🔧 Replacing the charging connector 🔋 Testing with another battery 🔎 Diagnostics of power lines 📌 Repair was not carried out — the board is not working, hardware short circuit 🧠 Technical explanation: The symptom “charges only when turned off” indicates: – short circuit in the power lines of the board – breakdown of the power controller (PMIC) – damaged VBUS / BATT lines – microcracks after falling or moisture Due to a short circuit under load (when the tablet is turned on): – the controller turns off the charge – the tablet does not start – the firmware does not start because it does not reach to the initialization stage This is a hardware death of the board, not a software failure. 🏁 Conclusion: No repair. The tablet has a hardware short circuit on the motherboard, charging disappears under load. Firmware will not solve the problem.",
IT-13750,Acer AN517-57,cleaning,,"Restoration of heat transfer between memory chips / VRM and radiator using thermal pads FCR-AS / Kafuter / FEHONDA and others, Cleaning, prevention of the cooling system, replacement of thermoelements (lev VI)"
IT-13820,Samsung Galaxy A51,The speaker does not turn on or work,"Conclusion: 🔍 Diagnostic result: ❗ Damage to the connector on the board was detected ❗ Due to a faulty connector, the device does not receive correct power ❗ The sound unit (speaker) is also broken ❗ The corresponding connector or the unit board must be replaced 🧠 Technical explanation: In smartphones of this series, many units (power supply, speaker, interfaces) are connected via special connectors and cables. If they are damaged, the following may occur: – the device does not start – unstable power supply – no sound or incorrect operation of the audio module For a complete repair, the damaged connector must be replaced, but the required spare part is currently unavailable from our suppliers. 🏁 Conclusion: ⚠ No repair. The required spare part (connector) is currently unavailable for order.",Restoring the device with functional diagnostics
IT-13745,Razer RZ09-03017E02,Matrix replacement,"Conclusion: 🔍 Diagnostic result: ⚠️ Structurally, the laptop has a very complex display module, where the matrix is installed in a fixed frame without traditional fasteners ⚠️ To access the matrix, you need to completely disconnect the unit, including the cables and frame ⚠️ After replacement, it is not recommended to glue the frame to preserve the warranty on the matrix ⚠️ The added SSD is not working, the controller does not initialize ⚠️ During the work, it was discovered that the thermoelements had dried out, the paste had lost its thermal conductivity 😊 The thermal paste was updated to factory analogues 😊 The matrix is installed, the image is correct, the cables are fixed correctly 🛠️ Work performed: ✔️ Complete disassembly of the display module ✔️ Dismantling the damaged matrix ✔️ Careful installation of the new matrix (Razer's complex design) ✔️ Knurling the cable, checking the contact group ✔️ Checking the stability of the image when opening/closing the lid ✔️ Removing the cooling system (if necessary for design) ✔️ Replacing thermal paste with factory ones 🧪 Technical explanation: In Razer models • the display module is monolithic, with a thin frame and fragile latches • the cable goes close to the hinge line, which makes dismantling difficult • any re-gluing of the frame after replacing the matrix voids the warranty, as it will be considered interference • to access the display module, the manufacturer constructively requires removing the cooling, which is a feature of this series 📌 What is important to understand: ✔️ The matrix is installed correctly ✔️ The warranty is valid only if the frame is not glued ✔️ The cooling system is brought to factory settings ✔️ After preventive maintenance, the laptop works more stably and cooler 🧾 Conclusion: The matrix has been replaced. The cooling system has been updated. The frame has been left without glue — to preserve the warranty conditions. The SSD that was added by the customer is not working.","Cleaning, prevention of the cooling system, replacement of phase transition thermocouples (factory) (lev VII), MSI MAG 244C Monitor"
IT-13742,Acer ANV15-51,Prevention + replacement of thermal pads,,"Cleaning, prevention of the cooling system, replacement of phase transition thermoelements (factory) (lev VII), Restoration of heat transfer between memory chips / VRM and radiator using thermal pads FCR-AS / Kafuter / FEHONDA and others"
IT-13741,Acer AN515-57,"Image distortion, when the lid moves it stops a little and disappears + complete cleaning + thermal pads",,"Cleaning, preventive maintenance of the cooling system, replacement of phase transition thermoelements (factory) (lev VII), Restoration of heat transfer between memory chips / VRM and radiator using thermal pads FCR-AS / Kafuter / FEHONDA and others, Replacement of the laptop matrix cable"
IT-13738,Samsung Galaxy Tab A8 10.5 (2021),Module replacement,,Replacing the display (module) of a smartphone/tablet/navigator
IT-13778,Lenovo 330-15IGM,Battery,,"Cleaning, prevention of the cooling system, replacement of thermal paste (best quality), Battery for LENOVO laptop"
IT-13775,MSI GT77,Cleaning,,"Cleaning, preventive maintenance of the cooling system, replacement of phase transition thermocouples (factory) (lev VII), Software settings"
IT-13804,Apple A2141,Not loading,,
IT-13799,Acer AN515-58,Prevention,,
IT-13765,Lenovo iOQ 15IAX9,Cooler replacement + prevention,,
IT-13747,Asus FX506LH,Full cleaning + cooler replacement + battery replacement,,
IT-13746,Acer AN515-54,Cleaning,"Conclusion: 🔍 Diagnostic result: ⚠️ The cooling system was dirty, the thermal paste lost its thermal conductivity ⚠️ The thermal pads are partially dried and deformed ⚠️ One of the coolers works with extraneous noise and reduced efficiency ✅ After replacing the thermal interfaces, the temperature of the processor and video chip stabilized ✅ Cooling has been restored to standard parameters ⚠️ It is advisable to replace the cooler, because wear will increase and noise/vibration will increase 🛠️ Work performed: ✔️ Complete disassembly of the cooling unit ✔️ Replacing the thermal paste with a high-efficiency one with a phase transition ✔️ Replacing all thermal pads with new ones of the appropriate thickness ✔️ Cleaning radiators and fans from dust ✔️ Control testing of temperatures and cooler speeds under load 🧪 Technical explanation: In the Acer Nitro 5 series, cooling works at the limit even in new devices. Worn thermal paste and gaskets cause: • increased operating temperatures • throttling (decreased performance) • increased noise • accelerated wear of coolers If the cooler starts to work unevenly or with extraneous sounds, this is a sign of: 1️⃣ worn bearings 2️⃣ shaft sagging 3️⃣ impeller backlash 4️⃣ loss of speed Such a fan may stop under load over time, which leads to overheating. 📌 What is important to understand: ✔️ After prevention, the laptop works stably ✔️ Temperatures are normalized ❌ The cooler works, but has mechanical wear ✔️ It is recommended to replace it to avoid repeated overheating 🧾 Conclusion: Prevention has been completed, thermal interfaces have been completely updated. The laptop is working correctly, the cooling system has returned to efficiency. For reliable operation, it is advisable to replace the cooler.",
IT-13743,Asus M1505YA,"Screen is flickering, replace with a matte screen",,
IT-13733,Asus FX506LH,Cooler replacement + cleaning,,
IT-13731,Lenovo Y520-15IKB,matrix replacement + body repair + hinge restoration,,
IT-13727,Acer SF314-41,cleaning,,
IT-13728,Lenovo Ideapad 5,Housing repair,,
IT-13725,Acer EX215-54,Body repair and hinge restoration,,
IT-13722,HUAWEI P30 lite,Re-glue the module + cover,,
IT-13721,XIAOMI XIAOMI 21081111RG,battery,,
IT-13615,Xiaomi Poco X3,display replacement,,Restoring the device with functional diagnostics
IT-13645,Asus X540UB,No sound,,"Cleaning, prevention of the cooling system, replacement of thermoelements (lev IV), Replacement of speakers with complete disassembly, Windows and software recovery"
IT-13622,Xiaomi Redmi Note 12 Pro 5G,"Module replacement, Module replacement",,Restoring the device with functional diagnostics
IT-13603,Lenovo Thinkpad P73,Laptop prevention,,"Cleaning, preventive maintenance of the cooling system, replacement of phase transition thermocouples (factory) (lev VII)"
IT-13601,Acer A715-42G,Prevention,"Conclusion: 🔍 Inspection result: ❌ The old thermal paste dried out and lost its working properties ❌ The active material separated from the liquid component, which worsened heat transfer ⚠️ Further operation without maintenance could lead to increased temperatures 🔧 Work performed: ✅ Complete cleaning of the cooling system ✅ Replacement of phase transition thermoelements (factory level, lev VII) ✅ Restoration of correct heat transfer between the processor / video chip and the radiator ✅ Control check of temperature regimes 🧠 Technical explanation: Over time, thermal paste degrades: dries out and loses its ability to transfer heat effectively. In this case, the material no longer provided proper contact between the chips and the radiator, so prevention was technically necessary for the stable operation of the cooling system. 🧾 Conclusion: Prevention has been performed. The cooling system is working correctly, heat transfer has been restored. 💡 Recommendation: We recommend performing preventive maintenance on the cooling system every 12–18 months, depending on loads and operating conditions.","Cleaning, preventive maintenance of the cooling system, replacement of phase transition thermocouples (factory) (lev VII)"
IT-13612,Lenovo Legion 7,to serve,,"Cleaning, prevention of the cooling system, replacement of liquid metal and thermal interfaces (lev III)"
IT-13591,Lenovo Ideapad Gaming 3,Prevention + put a spring on the LAN,,"Cleaning, preventive maintenance of the cooling system, replacement of phase transition thermocouples (factory) (lev VII)"
IT-13719,Oscal Tab 10,Display replacement,,
IT-13717,Lenovo 15,Cleaning,,
IT-13699,Vinga Black,"After turning off, it automatically turns on + cleaning + possible OS save info. Password 2102",,
IT-13590,Apple A2338,You need to check the camera and whether it connects to headphones.,,
IT-13577,Asus FA506NC,Cleaning,,"Cleaning, preventive maintenance of the cooling system, replacement of phase transition thermocouples (factory) (lev VII)"
IT-13580,Samsung Watch,Tape the display,,Replacing the display (module) of a smartphone/tablet/navigator
IT-13572,OnePlus --,diagnostics,,Replacing the display (module) of a smartphone/tablet/navigator
IT-13618,Dell Latitude 5520,soaked in coffee,"Conclusion: 🔍 Diagnostic result: ❌ Traces of flooding in the keyboard and touchpad area ❌ Coffee got into the upper layer of the CO and under the keys ⚠️ The client's hardware OS is locked with a BitLocker key (not our fault) ✅ The keyboard does not stick after cleaning, works correctly ✅ The touchpad is washed and functions stably ✅ The processor and cooling are serviced ✅ No critical damage was detected 🔧 Work performed: Complete cleaning after flooding Washing the keyboard and touchpad Cleaning the radiator and fan Replacing the thermal paste with a high-efficiency one with high thermal conductivity Checking the operation of all components after cleaning Testing the keyboard, touchpad and temperature modes 🧪 Technical explanation: Dell Latitude is well protected from light flooding, but coffee leaves sugar and acid deposits, which destroy the contact films over time. Timely cleaning allowed us to avoid oxidation and damage to the internal layers of the keyboard and touchpad. Replacing the thermal paste was necessary because the flooding partially affected the heat sink. 🧾 Conclusion: The laptop is ready. The keyboard and touchpad are working, the cooling system has been serviced. BitLocker remained active - a client key is required to unlock the OS (we do not have access).","Cleaning, prevention of the cooling system, replacement of thermoelements (lev VI), Restoration of electronic boards of smartphones, tablets and portable equipment after liquid filling (cleaning, removal of oxidation and repair of damaged components)"
IT-13594,Apple A2338,Not charging,,
IT-13617,Google Pixel 7 PRO,power controller replacement,"Conclusion: Repair of the device is not possible due to a number of factors that were found during the diagnostics of the device, namely: due to the cut heat dissipation plate, as it became known later, instead of it, the previous master installed thick thermal pads, which after assembly broke the PCB itself, that is, there are micro cracks in the board, which when applying current to the phone lead to a short circuit and it is because of this that it goes into ""protection"" mode, that is, does not charge, it was also noticed that a non-original battery was installed.",Fault diagnosis with complete disassembly of the device
IT-13570,HP 250 G5,turns off,,
IT-13566,Hp Zbook 15,"Both the new keyboard and the old one work the same, the same buttons",,"Restoration of electronic boards of smartphones, tablets and portable equipment after liquid spills (cleaning, removing oxidation and repairing damaged components)"
IT-13561,Acer A715-42G-R3EZ,cleaning + keyboard + USB,,"Cleaning, cooling system maintenance, replacement of thermoelements (lev III), Replacement of modular keyboard with complete disassembly of the device, Printer repair"
IT-13560,HP 17,motherboard,"Notes: 🔎 During the diagnostics, it was found that the problem is complex and may be associated with several nodes at once: the central processor (CPU), the HUB chip, or interlayer damage to the board. It is impossible to accurately determine the source of the malfunction without large-scale and expensive repairs, and the restoration process itself at the component level is economically inexpedient. ⚠️ As an alternative, replacing the entire motherboard is considered. Estimated cost of the board (without work): 12,000 UAH. Warranty from the seller: 2 weeks. 💡 Conclusion: repair ""by elements"" is unjustified. If it makes sense to restore the device, then the most realistic and reliable option is a complete replacement of the motherboard. 👉 We await your decision on further actions. Conclusion: 🔍 Result of diagnostics and work performed: The laptop is ready for delivery ✅ During the diagnostics, a malfunction of the motherboard was confirmed, which caused the device to work incorrectly / not start. 🧰 Work performed: 🛠️ Motherboard replacement 🔌 Checking all main components after replacement 🖥️ System test run and testing After the work performed: ✔️ the laptop starts ✔️ all main functions work correctly ✔️ the system is stable 🧪 Technical explanation: The motherboard is the main unit of the device, which is responsible for the operation of the processor, memory, power supply and peripherals. After replacing the board, the laptop has fully restored its functionality. 📄 Conclusion: ✔️ The motherboard has been replaced ✔️ The laptop is working properly ✔️ The device is ready for further use","Delivery of the device by Nova Poshta at the courier company's rate, motherboard replacement with complete disassembly of the device and replacement of thermal interfaces"
IT-13553,HP 250 G6,Improve,,"Windows OS recovery with software package + Cleaning, laptop prevention with replacement of thermal pads, Replacement / installation / addition of SSD, HDD, RAM (random access memory), DVD, etc. with complete disassembly of the device"
IT-13689,AeroCOOL Black PGS,"Turns off at random time, PASSWORD 0398",,
IT-13538,Asus FX505GE,Cleaning + look at the cooler and Wi-Fi. Password 1029,"Conclusion: 🔍 Result of the inspection and diagnostics: During the analysis and initial inspection, the need for preventive maintenance of the cooling system was identified, and a problem with the Wi-Fi antenna was also identified, which affects the stability and quality of the signal. 🧰 Planned / performed maintenance work: ✅ Cleaning the cooling system from dust and dirt ✅ Replacing thermoelements with phase transition (factory level, lev VII) ✅ Replacing the CPU cooler ✅ Replacing the GPU cooler ✅ Restoring heat transfer between memory chips / VRM and the radiator using liquid thermal pads FCR-AS (blue / blue series) 📌 What is important about the Wi-Fi antenna: ⚠️ To replace the Wi-Fi antenna, it is necessary to unstick and then re-glue the display matrix ⚠️ This is a complex job that is associated with increased risks (matrix, frame, cables) ⚠️ Work on replacing the antenna is performed only with the client's separate consent 💰 Cost of additional work: 💵 Replacing the Wi-Fi antenna (with unsticking / re-gluing the matrix) - 2000 UAH ➡️ The specified amount is added separately to the main cost of prevention 🧾 What is required of you: 📲 If you agree to replace the Wi-Fi antenna - please reply with a reply that you agree to the additional work and cost 📲 If the antenna is not needed - just follow the link https://roapp.link/kDjkTe and agree on the main amount, without additional work 📷 Additionally: A photo of the problem area will be added at the end of the page for visual confirmation of the condition of the node.","Cleaning, prevention of the cooling system, replacement of phase transition thermoelements (factory) (lev VII), Restoration of heat transfer between memory chips / VRM and radiator using thermal pads FCR-AS / Kafuter / FEHONDA and others"
IT-13548,Redmi A3,FRP,,
IT-13545,Asus R540LJ,Does not turn on,,"Cleaning, prevention of the cooling system, replacement of liquid metal and thermal interfaces (lev I)"
IT-13534,System unit Black-Grey,Black screen when moving mouse,,
IT-13686,Acer AN515-58,Turns off by itself,,
IT-13519,Acer Nitro 5,Cleaning,,"Cleaning, preventive maintenance of the cooling system, replacement of phase transition thermocouples (factory) (lev VII)"
IT-13537,Asus G531GU,Cleaning + looking at the coolers,"Conclusion: 🔍 Result of inspection and diagnostics: During the analysis and inspection of the cooling system, it was found that the general condition of the laptop requires preventive maintenance, and one of the coolers is not working correctly and should be replaced. 🧰 Planned / agreed work: ✅ Cleaning the cooling system from dust and dirt ✅ Replacing thermoelements with phase transition (factory level, lev VII) ✅ Restoring heat transfer between memory chips / VRM and the radiator using liquid thermal pads FCR-AS (blue / blue series) 🔧 Replacing one fan (GPU FAN) 📌 What is important to understand: The cooler has mechanical wear and does not provide stable cooling under load. Further operation without replacement can lead to increased temperatures, noise and reduced component life. 🧾 Conclusion: For correct and stable operation of the cooling system, it is necessary to replace one cooler along with full preventive maintenance. Other components of the cooling system currently have no critical comments. Photo at the end of the page at the link https://roapp.link/GoTfHb.","Cleaning, prevention of the cooling system, replacement of phase transition thermoelements (factory) (lev VII), Restoration of heat transfer between memory chips / VRM and radiator using thermal pads FCR-AS / Kafuter / FEHONDA and others"
IT-13530,Acer Nitro 5 AN515-45,Clean + activate OS,,"Cleaning, preventive maintenance of the cooling system, replacement of phase transition thermocouples (factory) (lev VII)"
IT-13515,Asus FX516PM,Cleaning,,"Cleaning, prevention of the cooling system, replacement of phase transition thermoelements (factory) (lev VII), Restoration of heat transfer between memory chips / VRM and radiator using thermal pads FCR-AS / Kafuter / FEHONDA and others"
IT-13531,Valve 1010,Cleaning,,"Cleaning, preventive maintenance of the cooling system, replacement of phase transition thermocouples (factory) (lev VII)"
IT-13526,Samsung Galaxy Tab A9+,Module,,Replacing the display (module) of a smartphone/tablet/navigator
IT-13512,Tecno Spark 7,bottom board,,
IT-13516,Asus M6500Q,"It turns off when driving, doesn't see the battery. Clean drive C.",,Restoring the device with functional diagnostics
IT-13508,Asus FX507VV,Improve + prevention,,"Cleaning, preventive maintenance of the cooling system, replacement of phase transition thermocouples (factory) (lev VII)"
IT-13501,Lenovo TB350FU,Nest,,"Replacement of connectors (power, audio, USB) of a phone, tablet"
IT-13503,Xiaomi MI PAD4,Touchscreen replacement,,Replacing the display (module) of a smartphone/tablet/navigator
IT-13490,Samsung Galaxy S20 FE 4G,Does not turn on,,Fault diagnosis with complete disassembly of the device
IT-13499,Lenovo iOQ 15IAX9,"Flooded, keyboard not working",,"Cleaning, prevention of the cooling system, replacement of phase transition thermocouples (factory) (lev VII), Replacement of a modular keyboard with complete disassembly of the device, Restoration of electronic boards of smartphones, tablets and portable equipment after liquid spillage (cleaning, removal of oxidation and repair of damaged components)"
IT-13484,MSI GS63VR,"Cooler not working, + phase",,"Cleaning, preventive maintenance of the cooling system, replacement of phase transition thermocouples (factory) (lev VII)"
IT-13486,Lenovo Legion,Cleaning + OS,,"Cleaning, prevention of cooling system, replacement of phase transition thermocouples (factory) (lev VII), Windows and software recovery"
IT-13480,Asus FX507ZC4,service,,"Cleaning, preventive maintenance of the cooling system, replacement of phase transition thermocouples (factory) (lev VII)"
IT-13474,Apple 8 Plus,Battery replacement,,Battery replacement with complete disassembly of the device
IT-13477,Apple 10,"battery replacement, if anything, the display",,"Restoring the battery (rechargeable battery, accumulator) of the device with complete disassembly"
IT-13472,Asus G713QR,"Freezes, no blue screen. Freezes when installing the OS","Conclusion: 🔍 Explanation of diagnostic results At the time of completion of the test, the laptop partially starts up and sometimes goes through the initial BIOS initialization, however: ⚠️ in some cases, it freezes at the very start; ⚠️ spontaneous reboots are possible without any error messages; ⚠️ the device's behavior is unstable and unpredictable. Key point: failures occur even before the operating system is loaded. This immediately excludes classic software causes (Windows, drivers, file system). 🧪 What was checked During the diagnostics, the main components of the laptop were checked. Most components pass basic checks without critical deviations at the moment of a successful start: ✅ RAM is initialized correctly; ✅ The drive does not show typical signs of a hardware malfunction; ✅ The power system has no obvious short circuits or breaks; ✅ The BIOS starts normally during working moments. At the same time, it is important to understand: 👉 correct operation of individual nodes does not guarantee the stability of the entire platform as a whole if there is a defect in the central element of the system. 🧠 Why the problem is related to the processor The processor is a key element that controls the launch of all other nodes. It is responsible for: • initial initialization of the system; • memory launch; • transfer of BIOS control; • stability of the start even before any messages appear on the screen. In this case, the nature of the malfunction has typical signs of degradation or internal instability of the processor: ⚠️ the device may start, or it may hang without logic; ⚠️ there is no blue screen - because the OS simply does not have time to load; ⚠️ failures appear at different stages of startup; ⚠️ the problem manifests itself regardless of the installed OS or media. Such symptoms almost always indicate a malfunction of the processor or its internal subsystems, and not auxiliary components. ⚠️ Service conclusion ❌ Repair is not recommended and is not performed. Reason: 🔸 probable failure of the central processor; 🔸 the processor in this model is part of the platform and is not repaired locally; 🔸 in practice this means replacing the motherboard assembly; 🔸 component repair in this case has high risks and is economically impractical. 💡 Recommended options ✅ Optimal technical option: - replacing the motherboard assembly (if available and reasonably priced). ⚠️ Alternative option: - using the laptop as a donor of spare parts (screen, case, memory, storage), if they are working. 📌 Status: Without repair The decision was made based on in-depth hardware diagnostics and practical experience with similar cases.",Fault diagnosis with complete disassembly of the device
IT-13470,Lenovo 110-15ACL,Battery Replacement + Cleaning,,"Cleaning, preventive maintenance of the cooling system, replacement of thermoelements (lev III)"
IT-13463,Dell Vostro 15 3510,Does not turn on,"Conclusion: 🔍 Diagnostic result: 👉 https://roapp.link/nP7GSD During the inspection, it was established: ⚠️ The cause of the malfunction is the matrix (screen/display); ⚠️ The current matrix is faulty, which blocks correct launch/display; ✅ Other components of the laptop are working correctly. 🔧 Recommended work (requires approval): 👉 https://roapp.link/nP7GSD ✅ Replacing the matrix (screen, display) with a compatible recommended model; ✅ Control check after replacement and final testing. 💡 Important: ⚠️ If the cost of the recommended matrix is too high for you — ✅ we can offer a more budget option (taking into account compatibility and quality). 🧠 Conclusion: Replacing the matrix completely solves the problem and restores the laptop's performance.","Matrix (display, screen) replacement with complete device disassembly, Windows and software recovery"
IT-13460,Acer AN515-54,Cleaning,,"Cleaning, prevention of cooling system, replacement of thermoelements (lev IV)"
IT-13469,Xiaomi Redmi 12,charging poorly,,"Replacement of connectors (power, audio, USB) of a phone, tablet"
IT-13452,Hp Zbook 15,Keyboard replacement + prevention,,"Cleaning, preventive maintenance of the cooling system, replacement of phase transition thermocouples (factory) (lev VII)"
IT-13454,Asus X510UQ,prevention + upgrade,,"Cleaning, preventive maintenance of the cooling system, replacement of phase transition thermocouples (factory) (lev VII)"
IT-13441,Apple A1398,Replace speakers,,Replacing speakers
IT-13448,Dell Vostro 3500 15,DIAGNOSTICS. - problem with the cooler,"Conclusion: 🔍 *Diagnostics result:* _During the cooling system check, it was found:_ ⚠️ The cooler has significant wear (axis wear); ⚠️ Due to wear, extraneous noise, vibration, and reduced cooling efficiency are possible; ❌ Further operation in this condition may lead to overheating of the processor. 📸 *Details of the defect are confirmed by photos* — link at the end of the page. 👉 https://roapp.link/VHV8BU 🧠 *Conclusion:* The cooler failed due to wear and cannot be reliably restored. For safe and stable operation of the laptop, a complete replacement of the cooler is required. 🔧 *Recommended work:* ✅ Replacing the cooling system cooler; ✅ Checking temperature regimes after replacement; ⚠️ Updating thermal interfaces during dismantling.",Device fault diagnosis
IT-13443,Acer A715-42G,phase,,"Cleaning, preventive maintenance of the cooling system, replacement of phase transition thermocouples (factory) (lev VII)"
IT-13459,China Black,Replace batteries,,
IT-13457,Apple A3240,Flooded,"Conclusion: 🔍 *Result of work performed:* _After complete disassembly and diagnostics, the following was performed:_ ✅ Comprehensive cleaning of internal components after contact with liquid; ✅ Neutralization of oxidation on motherboard elements and cables; ✅ Complete reassembly of the device with reinstallation of modules and cables; ✅ Replacement of the thermal interface with phase transition (factory type) - optimal heat transfer was restored; ✅ Final tests were passed successfully, no signs of short circuit or critical damage were detected. 🧠 *Conclusion:* The device was successfully restored after flooding. Cleaning and reassembly restored stable operation of the nodes, and replacing the factory thermal interface improved the thermal regime. 💡 *Recommendation:* ✅ Avoid excess moisture near the device; ✅ Carry out preventive cleaning of the cooling system once every 12–18 months; ✅ In case of repeated symptoms, contact us immediately, without using the laptop under load.","Reassembly with disassembly of the device with reconnection of all components (modules, cables, etc.), cleaning, prevention of the cooling system, replacement of thermocouples with phase transition (factory) (lev VII)"
IT-13439,Asus FX507ZM,Cleaning,,"Cleaning, preventive maintenance of the cooling system, replacement of phase transition thermocouples (factory) (lev VII)"
IT-13438,Xiaomi Mi Note 13 Pro 4G,"Module replacement, Module replacement",,Replacing the display (module) of a smartphone/tablet/navigator
IT-13437,Acer AN515-52,Maintain and improve,,"Cleaning, preventive maintenance of the cooling system, replacement of phase transition thermocouples (factory) (lev VII)"
IT-13430,Acer Switch 5,gives a blue screen,,"BIOS password reset using software, Windows and software recovery, Cleaning, cooling system prevention, replacing thermal elements (lev V), Replacing / installing / adding SSD, HDD, RAM (random access memory), DVD, etc. with complete disassembly of the device"
IT-13432,Hp Victus 15,"Cooler replacement, look at the cooler + phase cleaning",,"Cleaning, prevention of the cooling system, replacement of phase transition thermocouples (factory) (lev VII), Original HP laptop fan"
IT-13426,Hp Victus 16,service,,"Cleaning, preventive maintenance of the cooling system, replacement of phase transition thermocouples (factory) (lev VII)"
IT-13424,Huawei --,"extract data, throw in the cable, module, bottom board, battery",,
IT-13415,Acer PHN16-72,Does not charge the battery,"Conclusion: 🔍 Diagnostic result: 👉 https://roapp.link/Pjo89F During the inspection, it was found that: ⚠️ The charging circuit is broken; ⚠️ Malfunctions were detected in the power line and charger unit; ⚠️ The battery is working - the problem is not in the battery, but in the power electronics. 🔧 Proposed works (requires approval): ✅ Restoration of the power line; ✅ Repair of the charging unit (charger) with the replacement of damaged elements; ✅ Restoration of power circuits on the motherboard; ✅ Control measurements and final testing of charging. ⚠️ What is important to understand: ⚠️ Repair is technically complex, requires deep intervention in the board; ⚠️ Works are possible and advisable from a technical point of view; ⚠️ After restoration, the stability of charging under load will be checked. 🧠 Conclusion: The fault is localized. The motherboard can be restored, which will allow the battery charging function to be fully restored.","Deep engineering recovery, motherboard repair after hardware failure, Cleaning, cooling system prevention, replacement of liquid metal and thermal interfaces (lev III)"
IT-13422,HP 15,Debris on the screen when it heats up,,"Cleaning, prevention of the cooling system, replacement of thermoelements (lev V), Fault diagnosis with complete disassembly of the device"
IT-13425,Lenovo E480,"battery replacement, preventive maintenance 600",,"Cleaning, prevention of cooling system, replacement of thermoelements (lev II)"
IT-13423,Acer A515-51G,"It doesn't turn on. Sometimes it turns on when you tilt it. Sometimes it works fine, sometimes it doesn't turn on at all.",,
IT-13413,Dell Precision 5520,Does not turn on,,Fault diagnosis with complete disassembly of the device
IT-13411,Samsung Galaxy S20 FE 4G,Battery replacement,,Battery replacement with complete disassembly of the device
IT-13406,Artline HOME AIO,Cleaning,,"Cleaning, prevention of cooling system, replacement of thermoelements (lev IV)"
IT-13403,HP 15,"Stripes on the screen, cleaning",,"Cleaning, preventive maintenance of the cooling system, replacement of phase transition thermocouples (factory) (lev VII)"
IT-13404,Samsung Samsung SM-A245F/DSN,Module,,Replacing the display (module) of a smartphone/tablet/navigator
IT-13373,Xiaomi 11 Lite 5G NE,Does not turn on,"Conclusion: 🔍 Diagnostic result: During a detailed check, it was established: ✅ The smartphone accepts charge, but does not start; ⚠️ A damaged charging connector was detected; ⚠️ The moisture indicator on the motherboard is red, indicating contact with liquid; ⚠️ The problem is hardware in nature and is related to the motherboard; ✅ Other batteries and bottom boards with a connector were additionally ordered and checked - without a positive result. ⚙️ Probable cause of the malfunction: ❌ Damage to the motherboard (probably at the power / startup controller level); ⚠️ A combination of factors: moisture ingress; damaged charging connector; internal hardware failures on the MP. 🔧 What is needed for recovery (theoretically): ❗ For a full recovery, it is necessary to simultaneously: ⚠️ Battery replacement; ⚠️ Replacement of the bottom board with a charging connector; ⚠️ Replacement of cables; ⚠️ Motherboard repair at the controller level. 🧠 Conclusion: 🔴 Comprehensive repair is economically inexpedient. The total cost and risks of restoration are not justified, and a stable result is not guaranteed. 💰 Financial solution: ✅ We refund the money for the previous repair; ⚠️ Only the cost of diagnostics is withheld - 400 UAH; ✅ The remaining amount is subject to refund to the client.",
IT-13370,Zte Nubia Neo 2 5G,Module replacement,,Replacing the display (module) of a smartphone/tablet/navigator
IT-13372,Lenovo Yoga Tablet 2,battery replacement,,Battery replacement with complete disassembly of the device
IT-13362,Lenovo L340-17IRH,SSD + cleaning + OS,,"Windows OS recovery with software package + Cleaning, laptop prevention with replacement of thermal pads"
IT-13368,Apple A2338,Flooded,,"Restoration of electronic boards of smartphones, tablets and portable equipment after liquid flooding (cleaning, removal of oxidation and repair of damaged components), Cleaning, prevention of cooling systems, replacement of phase transition thermocouples (factory) (lev VII)"
IT-13338,Apple A1398,prevention + touchpad,"Conclusion: 🔍 Result of the initial diagnosis: During the inspection, it was established: ✅ The cooling system needs preventive maintenance - there are traces of contamination that affect the operating temperature; ⚠️ The touchpad needs a complete replacement; ⚠️ On this model, to replace the touchpad, it is necessary to unstick the battery, since it is glued to the upper part of the case. 🔧 Proposed works (requires approval): 🔹 1. Complete preventive maintenance of the laptop ✅ Cleaning the cooling system; ✅ Replacing thermal interfaces with phase transition thermoelements (much better than regular paste); ✅ Preventive inspection of internal components. 🔹 2. Replacing the touchpad - https://2mac.ua/tachpad-dlya-macbook-pro-retina-15-a1398/ ⚠️ To access the touchpad, it is necessary to unstick the battery, which is glued to the case by the factory method. This is associated with risks - an explanation below. ⚠️ Risks associated with battery removal: 🔸 Risk of damage to the battery cells, as they are glued very tightly and have thin walls. 🔸 When separating the battery, the cells (cans) may be deformed, which can lead to failure. 🔸 In rare cases, a damaged battery cell may overheat or lose capacity. 🔸 Apple does not provide service access - therefore, the procedure is technically complex and requires careful removal using special tools. We perform such work carefully and professionally, but the risk of damage to the battery exists structurally, due to the method of its attachment. 🧠 Conclusion: Replacing the touchpad with A1398 is possible, but requires significant disassembly and work with the battery. Prevention is also highly desirable, since elevated temperatures can worsen the condition of the laptop.","Cleaning, preventive maintenance of the cooling system, replacement of phase transition thermocouples (factory) (lev VII)"
IT-13359,Asus G731GT,cleaning,,"Cleaning, preventive maintenance of the cooling system, replacement of phase transition thermocouples (factory) (lev VII)"
IT-13337,Nintendo New 3DS XL,hinge replacement,,"Replacement, restoration of laptop case parts"
IT-13408,Lenovo Legion 5,Cleaning,,"Cleaning, preventive maintenance of the cooling system, replacement of phase transition thermocouples (factory) (lev VII)"
IT-13333,Logitech G502,"cable replacement, if possible, install a connector",,
IT-13381,China Black,Not charging,,
IT-13339,Apple A1419,"Turns on, blue screen + cleaning",,"Windows and software recovery, Cleaning, cooling system maintenance, replacement of thermal elements (lev VI), Disassembly/assembly of the iMac display module, Repair of the iMac stand locking mechanism"
IT-13331,Blackview Tab 12,Not charging,,"Replacement of connectors (power, audio, USB) of a phone, tablet"
IT-13332,Acer AN515-46,"OS + Archicad, Photoshop, 3d max, Sketchup pro, AutoCAD, Revit",,"Windows and software recovery, installation of image processing and graphics programs (for 1 pc.)"
IT-13399,Asus FX506LHB,Cleaning,,"Cleaning, preventive maintenance of the cooling system, replacement of phase transition thermocouples (factory) (lev VII)"
IT-13330,Xiaomi Redmi 9,Not charging,,Restoring the device with functional diagnostics
IT-13380,Dell P75F,"matrix cable replacement, webcam",,Replacing the laptop matrix cable
IT-13336,ADATA XPG,Cleaning,,"Cleaning, preventive maintenance of the cooling system, replacement of phase transition thermocouples (factory) (lev VII)"
IT-13327,Samsung A047F,drowned,,Device fault diagnosis
IT-13324,Xiaomi 11 Lite 5G NE,BATTERY REPLACEMENT,,Battery replacement with complete disassembly of the device
IT-13319,Xiaomi MI 8,battery replacement,,Battery replacement with complete disassembly of the device
IT-13325,Acer A515-55,Laptop maintenance + module replacement,,"Cleaning, preventive maintenance of the cooling system, replacement of phase transition thermocouples (factory) (lev VII)"
IT-13303,Apple A2159,does not turn on after water,,Motherboard replacement with complete disassembly of the device
IT-13306,Apple A1502,speaker replacement,,Speaker replacement
IT-13289,Lenovo ideapad slim 5,windows,,Windows and software recovery
IT-13268,Blackview A100,Not charging,,"Replacement of connectors (power, audio, USB) of a phone, tablet"
IT-13276,Dell 7480,"During operation, it gives a blue screen and goes into recovery",,"Replacement / installation / addition of SSD, HDD, RAM (random access memory), DVD, etc. with complete disassembly of the device"
IT-13287,Apple A2992,key washing + look at the touch pad,"Conclusion: 🔍 Result of the work performed: ✅ The keyboard was completely washed; ✅ The touchpad was cleaned and washed; ✅ Pollution and residues that could affect the work were removed; ✅ The condition and performance of the work are confirmed by photos. ⚠️ What is important to understand: ✅ Disassembly and washing were performed carefully, without damaging the nodes; ✅ At the time of inspection, the keyboard and touchpad are working correctly; 🧠 Conclusion: The work was completed successfully, the device is ready for operation. No signs of hidden defects were detected after cleaning.","Partial flushing of keyboard keys, Restoration of electronic boards of smartphones, tablets and portable equipment after liquid spills (cleaning, removal of oxidation and repair of damaged components)"
IT-13262,Hp Victus 15,Does not turn on,"Conclusion: 🔍 *Diagnostics result:* _During the examination and inspection of the motherboard, it was established:_ ❌ The laptop has previously been repaired in another workshop; ❌ Rough and unqualified soldering of the power and control circuits was detected; ❌ The structure of the board is damaged due to overheating and improper intervention; ✅ The current state of the motherboard is critical. ⚠️ *What is important to understand:* ❌ Local repair or restoration of individual circuits is technically impractical; ✅ Correct restoration is possible only by completely replacing the motherboard; ❌ At the moment, the corresponding motherboard is not available for order. 🧠 *Conclusion:* Repair in its current state is impossible and economically impractical. Previous unqualified intervention made the board unrepairable.",Fault diagnosis with complete disassembly of the device
IT-13258,Lenovo Legion 5,"Shuts down, put the OS to the test",,
IT-13257,MSI MS-179C,The cooler is noisy.,,Restoring the device with functional diagnostics
IT-13256,Hp Pavilion 15,Cleaning + RAM,,"Cleaning, prevention of cooling system, replacement of thermoelements (lev V)"
IT-13253,Acer Predator Helios 300 PH315-54,Cleaning,,"Cleaning, preventive maintenance of the cooling system, replacement of phase transition thermocouples (factory) (lev VII), Replacement of liquid thermal pads"
IT-13251,Huawei AGS-W09,connector + battery replacement,,Restoring the device with functional diagnostics
IT-13328,Dell P75F,"Color screen, changes colors in order",,"Cleaning, preventive maintenance of the cooling system, replacement of thermoelements (lev III)"
IT-13247,Pocketbook 614,Doesn't turn on after a couple of years,,Battery replacement with complete disassembly of the device
IT-13312,Samsung S21 FE,battery replacement,,Battery replacement with complete disassembly of the device
IT-13314,Lenovo Yoga 7,"Case restoration + power buttons, sinks + cleaning",,"Replacement, restoration of laptop case parts, cleaning, prevention of cooling system, replacement of thermoelements (lev IV)"
IT-13232,Asus FX507ZC4,prevention,,"Cleaning, preventive maintenance of the cooling system, replacement of phase transition thermocouples (factory) (lev VII)"
IT-13284,Asus FX506HC,Laptop prevention,,"Cleaning, preventive maintenance of the cooling system, replacement of phase transition thermocouples (factory) (lev VII)"
IT-13226,Chuwi GemiBook XPro,"Not charging, check the laptop and connector",,Desoldering the connector with complete disassembly and lifting the board with replacement with a cable
IT-13260,Grand Black,"Black screen, SSD was disconnected",,Windows and software recovery
IT-13206,Lenovo Legion 5,Cooler replacement + Cleaning + RAM replacement for 32Gb,,"Cleaning, preventive maintenance of the cooling system, replacement of phase transition thermocouples (factory) (lev VII), Installation, replacement of the cooling (radiator, cooler) of the device"
IT-13205,Asus X200MA,Does not turn on,,Fault diagnosis with complete disassembly of the device
IT-13246,Xiaomi Mi A3,Unblock,,
IT-13310,Medion Black,Case Replacement + External Pocket + BZ + HDD 4,,"Reassembly with disassembly of the device with reconnection of all components (modules, cables, etc.)"
IT-13240,Asus FX507ZC,Cleaning,,"Cleaning, preventive maintenance of the cooling system, replacement of phase transition thermocouples (factory) (lev VII)"
IT-13238,Samsung Galaxy A32,Replacing the board with the best and not working well,,"Restoration, replacement of power connector, audio, connectors, USB, video (laptop, PC, tablet laptop, etc.)"
IT-13200,Huawei PIC-LX9,Battery replacement,,Replacing the display (module) of a smartphone/tablet/navigator
IT-13285,Lenovo iOQ 15IAX9,Laptop prevention,,"Cleaning, preventive maintenance of the cooling system, replacement of phase transition thermocouples (factory) (lev VII)"
IT-13197,Dell D08U,"turns off, sometimes doesn't turn on",,"Cleaning, prevention of cooling system, replacement of thermoelements (lev V)"
IT-13191,Kingston NV2,Clone systems,,Windows and software recovery
IT-13196,Lenovo Ideapad 1,OS,,Windows and software recovery
IT-13199,Xiaomi Redmi 10 2022,Was under the car,,
IT-13283,Acer C22,hangs,,
IT-13234,Lenovo Thinkpad 460,Flooded,,
IT-13223,Apple A1990,is behaving strangely,"Conclusion: 🔍 Current condition of the device (according to the results of the inspection): ✅ Significant accumulation of dust inside the laptop was detected; ✅ The cooling system is severely clogged, which prevents normal heat dissipation; ✅ This condition directly leads to overheating and unstable operation of the device (braking, jerking, incorrect behavior, shutdown); ⚠️ What is important to understand: ⚠️ Prolonged operation of the laptop in this condition can lead to: ✅ overheating of the processor; ✅ throttling; ✅ accelerated wear of components; ❌ in the future - to more serious damage. 🔧 Necessary work (requires approval): ✅ Professional cleaning of the cooling system from dust and dirt; ✅ Replacement of thermal interfaces on the processor and adjacent nodes; ✅ Additionally - firmware (system software update) in case of confirmed need after cleaning. 🧠 Conclusion: The condition of the laptop from the inside is critically contaminated. The recommended work is advisable and preventively necessary for the stable and safe operation of the device.",
IT-13215,Dell Latitude 3300,Battery replacement + prevention,,
IT-13195,Acer ANV15-51,Cleaning,,
IT-13188,Apple a1707,Does not turn on,,
IT-13185,Asus 19v 7.5a,does not work/ try replacing the cable,,
IT-13180,HP Pro x2 612,does not turn on,,
IT-13171,Huawei P Smart Z,acb,,
IT-13168,Acer AN515-54,Cleaning + re-gluing the matrix and reassembling it correctly,,
IT-13166,Xiaomi M2003J15SG,Hanging,,
IT-13158,Dell Vostro 5620,Flooded,"Conclusion: 🔍 *Diagnostics result:* Photo at the link at the bottom of the page 👉 https://roapp.link/YELo9T _A full inspection of the internal components of the laptop and motherboard was carried out:_ ✅ Traces of flooding on the motherboard *not found*; ✅ The components of the board, connectors and contacts are clean, *without corrosion*; ✅ There are no signs of short circuits or *oxidation*; ✅ *Recommended: perform preventive cleaning of the cooling system with replacement of thermal interfaces.* 🔧 *Keyboard condition:* ⚠️ *The keyboard was damaged due to liquid ingress*; ✅ Currently, the engineer is conducting *keyboard disassembly and washing*; ✅ Each key is ++dismantled separately++ with subsequent cleaning of the mechanism; ⚠️ Signs of initial crystallization were detected on the button mechanics, which complicates recovery. ⚠️ *What is important to understand:* ✅ Washing the keyboard is a chance to save the *native part*; ⚠️ Due to crystallization, *there is a risk* of damage to the key mechanics; ⚠️ The final result can only be assessed ++after the entire cleaning procedure is completed++; ✅ In case of unsuccessful recovery *separate approval of keyboard replacement is possible*. 🧠 *Current status:* ✅ The laptop is still in operation; ✅ The keyboard washing process is ongoing; ✅ After the work is completed, the final result and further recommendations will be provided.",
IT-13156,Hp 15-dk0918no,Danny/ Windows is not working,,
IT-13151,Redmi Redmi 21121119SG,Unblock,,Google account unlocking
IT-13155,Asus M3500Q,Cleaning,,
IT-13147,Lenovo E15,The screen flickers.,,
IT-13150,Apple iPhone SE (2020),Replacing a display from one to another,,Replacing the display (module) of a smartphone/tablet/navigator
IT-13136,ASUS K3500P,"SSD + OS replacement on October 23, 2025 9 a.m.",,"Windows and software recovery, Replacement / installation / addition of SSD, HDD, RAM (random access memory), DVD, etc. with complete disassembly of the device"
IT-13121,Acer AN515-55,SSD,,"Replacement / installation / addition of SSD, HDD, RAM (random access memory), DVD, etc. with complete disassembly of the device, Windows and software recovery"
IT-13140,Asus TP3604VA,It doesn't turn on after updating. + transfer INFO to storage + OS,"Conclusion: 👋 *Welcome to IT-TECH!* Thank you for contacting our service center 💙🧡 🖨️ Device: Asus TP3604VA MC161W laptop 🔢 SN: R9N0LP03K502394 🧾 Fault: Does not turn on after update 🔍 *Diagnostics result:* The problem is not related to the system update — during diagnostics, a critical processor (CPU) malfunction was detected. _This is a typical defect for modern ultra-thin ASUS models_: the CPU is located near the power lines, operates at high temperature; during a voltage surge or during a reboot after the update, a microcrack in the BGA contact area or an internal breakdown in the crystal could appear; in such cases, the device completely stops responding to power-on. _In this laptop, the processor is soldered to the board, so its separate repair or replacement is impossible._ 🧰 *Possible repair options:* 🔁 *Replacing the motherboard with a new one or a used one in good condition* (The only real way to restore work) 🛠️ *Diagnostics after installing a new board* (checking the power supply, testing the keyboard, charging, touch screen) ⚠️ *Currently, motherboards for this model are temporarily unavailable for sale, or have an unjustifiably high cost.* The expected appearance of boards that are adequate in price may be within 3–6 months. 💡 *Conclusion:* Repair of the existing board, unfortunately, is not advisable and technically impossible due to a CPU malfunction. The service is replacing the motherboard, but we are currently waiting for them to appear on sale.",Fault diagnosis with complete disassembly of the device
IT-13119,Acer Nitro 5,Does not load the OS,,"Firmware, CMOS (BIOS) reprogramming with microcircuit desoldering and device disassembly"
IT-13116,HP 250,Display replacement,,"Replacing the matrix (display, screen) with complete disassembly of the device"
IT-13130,Lenovo Tab 9,"Photoshop, Bendikam, + OS with software + Cleaning + add 1 TB if there is a free slot",,"Windows and software recovery, Cleaning, cooling system maintenance, replacement of phase transition thermocouples (factory) (lev VII), Installation of image processing and graphics programs (for 1 pc.)"
IT-13145,Hp Pavilion 16,OS,,Windows and software recovery
IT-13115,Asus G513IH,Clean and add SSD,,"Cleaning, prevention of the cooling system, replacement of liquid metal and thermal interfaces (lev III)"
IT-13133,Blackview Tab 70 WIFI,Unblock Google,,Device fault diagnosis
IT-13144,Hp Pavilion 16,OS,,Windows and software recovery
IT-13109,Dell Inspiron 11 3168,Doesn't turn on after falling,,Fault diagnosis with complete disassembly of the device
IT-13123,Asus X512J,Cleaning,,"Cleaning, prevention of cooling system, replacement of thermoelements (lev V)"
IT-13112,Samsung GALAXY TAB E SM-T561,Does not turn on,,
IT-13087,Samsung A055F,does not turn on,,Fault diagnosis with complete disassembly of the device
IT-13092,Dell Latitude 5520,"Molded, matrix replacement",,"Restoration of electronic boards of smartphones, tablets and portable equipment after liquid spills (cleaning, removing oxidation and repairing damaged components)"
IT-13082,Acer Nitro V15,Audio jack not working,,
IT-13105,Acer AN515-51,Does not install OS + cleaning and replacing SSD if necessary,,"Windows OS recovery with software package + Cleaning, laptop prevention with replacement of thermal pads"
IT-13074,AJAZZ AK820PRO,the d key doesn't work,,
IT-13080,Asus FA506IV,Laptop prevention + OS + On a sheet,,"Windows OS recovery with software package + Cleaning, laptop prevention with replacement of thermal pads"
IT-13081,Acer AN515-58,matrix replacement,,"Replacing the matrix (display, screen) with complete disassembly of the device"
IT-13071,Asus K501UW,Does not turn on,"Conclusion: 👋 *Welcome to IT-TECH!* Thank you for contacting our service center 💙🧡 🖨️ Device: Asus K501UW laptop 🔢 SN: G4N0CX03V931159 🧾 Malfunction: Does not turn on 🔍 *Preliminary diagnostic result:* The laptop does not respond to the power button. The initial inspection showed a failure in the BIOS subsystem, which is why the system does not undergo basic initialization and does not start. There are also signs of long-term operation without prevention - the thermal paste has lost its properties, dust in the cooling system can cause additional loads on the power units and startup logic. 🧰 *Necessary work (need to be agreed):* 🔧 *BIOS firmware on the programmer* Complete reprogramming of the BIOS chip with external reading and writing - necessary to restore the system start, since standard firmware methods do not work. 🛠️ *Cooling system maintenance* complete disassembly of the laptop cleaning the radiator and fan replacing thermal paste on the CPU/GPU This is important to avoid overheating and repeated failures after restoring the BIOS. 🧪 *Control testing of startup and stability of operation* ⚠️ *Why is this needed:* A damaged BIOS blocks the laptop from turning on. And the lack of maintenance can lead to repeated failures, overheating, freezes and incorrect operation after repair. 💡 *Conclusion:* The laptop needs to be repaired. To fully restore operation, you must: Reflash the BIOS on the programmer Perform mandatory cooling maintenance We are waiting for your approval to continue work 💙🧡 👉 https://roapp.link/nM0bEY","Firmware, reprogramming CMOS (BIOS) with desoldering of the microcircuit and disassembly of the device, Cleaning, prevention of the cooling system, replacement of thermoelements (lev V)"
IT-13070,Apple 12,Does not turn on,"Conclusion: 👋 Welcome to IT-TECH! Thank you for trusting us with your smartphone 💙🧡 🖨️ Device: Apple iPhone 12 🔢 SN: S97-N765R03363 🧾 Malfunction: Does not turn on 🔍 Diagnostic result The reason for the lack of power-on was a completely degraded battery. Other components and the phone's power supply are normal, no damage was found. 🧰 Work performed 🔋 Replacing the battery with a new one ⚙️ After installation - full activation without errors in the settings 📱 The phone turns on correctly, holds a charge and works stably 💡 The current state of the iPhone 12 is fully functional, charges, works in normal mode, the system does not give any errors. With care for your equipment 💙🧡 IT-TECH - a clinic for gadgets",Restoring the device with functional diagnostics
IT-13138,Lenovo TB128FU,Does not turn on,,"Start, restore the battery charge of the device with disassembly"
IT-13137,Samsung Galaxy S23,Hard of hearing,,Restoring the device with functional diagnostics
IT-13068,Apple 11,Display replacement,,Replacing the display (module) of a smartphone/tablet/navigator
IT-17013052,Acer ANV15-41,Cleaning,,"Cleaning, preventive maintenance of the cooling system, replacement of phase transition thermocouples (factory) (lev VII)"
IT-13073,Lenovo TB330FU,Module replacement,,Replacing the display (module) of a smartphone/tablet/navigator
IT-13114,Marshall Major 5,Does not turn on,,Headphone repair
IT-17013051,OUKITEL RT6,connector replacement,"Conclusion: 👋 *Welcome to IT-TECH!* Thank you for contacting us — we leave the official conclusion of the diagnostics and work that needs to be agreed upon. 🖨️ _Device:_ OUKITEL RT6 Tablet 🔢 _SN:_ S97-N765R03356 🧾 _Fault:_ Charging connector replacement 🔍 *Diagnostics result:* During the inspection, it was found that the charging connector has mechanical damage and requires a complete replacement. 📌 *Design features:* In this model, the connector is filled with black compound from the factory, which: makes access to the contacts more difficult; makes the dismantling process more risky; requires ungluing the entire display module to access the board. Replacement is possible, but it is a complex type of repair with an increased duration of work. 🧰 It is necessary to agree on the performance of the work: 🔧 Ungluing and re-gluing the module (the display module is glued to the factory glue). 🔌 Dismantling the compound and replacing the charging connector. ⚠️ *Possible risks:* Due to the factory filling with compound, there is a small risk of damage to the tracks or neighboring elements. The module can be delicate during the ungluing - it is performed as carefully as possible with warming up and fixing. 💡 *Conclusion:* *Replacement is really possible*, but structurally complex. It is necessary to confirm the performance of the work, after which we will proceed with the repair.","Restoration, replacement of power connector, audio, connectors, USB, video (laptop, PC, tablet laptop, etc.)"
IT-013036,Huawei ags-l09,make 3 - 2,,
IT-013043,Asus K550C,ssd+os,,Windows and software recovery
IT-013044,Lenovo Gaming 3,cooler replacement + prevention,,"Cleaning, prevention of the cooling system, replacement of phase transition thermocouples (factory) (lev VII), Original fan for the Lenovo Ideapad Gaming 3-15ACH6 laptop, Installation, replacement of the cooling (radiator, cooler) of the device"
IT-013034,Lenovo 17,Improve,,"Windows and software recovery, Replacement / installation / addition of SSD, HDD, RAM (random access memory), DVD, etc. with complete disassembly of the device"
IT-13056,Apple A1688,Not working,,
IT-013026,Samsung a02s,display,,Replacing the display (module) of a smartphone/tablet/navigator
IT-013025,Neffos tp9131a,display re-glue + connector replacement,,Restoring the device with functional diagnostics
IT-013033,Asus M533I,Cleaning,,"Cleaning, preventive maintenance of the cooling system, replacement of phase transition thermocouples (factory) (lev VII)"
IT-013023,MSI KATANA A15 AI,"diagnostics, turns off","Conclusion: 📊 *Diagnostics of MSI KATANA A15 AI laptop (Ryzen 9)* 🔢 SN: K2407N0111345 🧾 Symptom: Shuts down under load 📸 Photo analysis (HWMonitor / AIDA64 / Stress test) 🔍 *1. Temperature indicators* CPU Temperature: 102°C (maximum) Average value: ~69°C Normal range for Ryzen 9: up to 90°C under full load _Conclusion:_ the temperature is critically high, the processor has reached the thermal shutdown limit (TjMax ≈ 105°C). ➡️ It is due to overheating that the laptop automatically turns off for protection. ⚡ 2. *Power and consumption* CPU Package Power: up to 52 W For Ryzen 9 in a laptop, this is a normal level under load, but with ineffective cooling, 50 W causes instant overheating. ➡️ Possible dried thermal paste, radiator clogged with dust, or a non-working fan. 🔧 3. *Processor clock speed* Under load, the cores operate in the range of 4.4–5.0 GHz, which indicates Turbo mode without throttling until shutdown. ➡️ This means that the system does not limit the frequency in time, and the heating exceeds the safe threshold. 🧠 4. *Probable reasons for shutdown* 🔥 CPU overheating due to: dust clogging of the cooling system; old or incorrectly applied thermal paste; loose radiator fit; faulty fan or low cooler speed. ⚡ Voltage spikes / VRM degradation (CPU power) - possible with previous overheating. 🔋 Power supply overload - if the unit does not extract peak 120–150 W consumption. 🧰 *Recommendations:* Clean the cooling system from dust (fans, grille, heat pipes). Replace the thermal interface - high-quality paste (phase transition) or liquid metal (if the design allows). Check the operation of the fans via MSI Dragon Center / BIOS (the speed should be 4000+ RPM under load). Perform a stress test again after cleaning - the temperature should not exceed 85–90°C. If necessary, update the BIOS, as some MSI versions incorrectly regulate PBO / TDP. 💡 *Conclusion:* The laptop turns off due to overheating of the Ryzen 9 processor (up to 102°C). The processor itself is not known to be working, but the cooling system cannot cope with heat dissipation. After preventive maintenance (cleaning, replacing thermal paste, checking the cooler), the problem should disappear if there are no problems with the crystal. 📩 Please agree on the performance of preventive work (TOP thermal interfaces with phase transition or liquid metal) using the link below 👇 👉 https://roapp.link/RC9qyR","Cleaning, prevention of the cooling system, replacement of liquid metal and thermal interfaces (lev III)"
IT-013024,Apple 13,battery replacement,,Battery replacement with complete disassembly of the device
IT-13055,EPOS H6PRO,not enough volume,,
IT-013008,Apple A3113,Filled with sugar water,,"Restoration of electronic boards of smartphones, tablets and portable equipment after liquid spills (cleaning, removing oxidation and repairing damaged components)"
IT-013007,Asus FA507RE,Cleaning,,"Cleaning, preventive maintenance of the cooling system, replacement of phase transition thermocouples (factory) (lev VII)"
IT-013016,Dell P51F,Does not turn on,,Restoring the device with functional diagnostics
IT-013017,Black Black,"does not turn on, throws an error",,Windows and software recovery
IT-013004,Asus UM431D,The cooler is not working.,,1. 🔍 Equipment diagnostics — free of charge
IT-013012,Asus S533F,"The keyboard is partially not working, after cleaning it worked",,Cleaning the keyboard connector from dust and oxides
IT-012990,Logitech MR0106,malfunctioning,,"Restoration of electronic boards of smartphones, tablets and portable equipment after liquid spills (cleaning, removing oxidation and repairing damaged components)"
IT-013010,Samsung T510,does not turn on,,"Replacing the matrix (display, screen) with complete disassembly of the device"
IT-012995,Oppo A53,Not charging,,"Reassembly with disassembly of the device with reconnection of all components (modules, cables, etc.)"
IT-012992,Lenovo Ideapad Gaming 3,prevention + cooler,,"Cleaning, preventive maintenance of the cooling system, replacement of phase transition thermocouples (factory) (lev VII)"
IT-012977,Superalure K6 Pro Max,Not charging,,Fault diagnosis with complete disassembly of the device
IT-012970,Prestigio PMT3197,The power button is lit.,,"Reassembly with disassembly of the device with reconnection of all components (modules, cables, etc.)"
IT-012975,Samsung Galaxy A33 5G,"Doesn't turn on, constant reboot",,Fault diagnosis with complete disassembly of the device
IT-012987,Lenovo 320-15IAP,upgrade,,"Windows and software recovery, cleaning, cooling system prevention, replacement of thermoelements (lev IV)"
IT-012984,Dell 5480,SSD 500 + cleaning + OS + rewrite info,,"Windows OS recovery with software package + Cleaning, laptop prevention with replacement of thermal pads"
IT-012962,Gigabyte X7EF,Does not turn on,,"Comprehensive motherboard repair, cleaning, cooling system maintenance, replacement of phase transition thermocouples (factory) (lev VII)"
IT-012971,Asus FX516PC,Prevention,,"Cleaning, prevention of cooling system, replacement of phase transition thermocouples (factory) (lev VII), Windows and software recovery"
IT-012956,Gigabyte G5 MD,Cleaning,,"Cleaning, prevention of cooling system, replacement of thermoelements (lev V)"
IT-012948,Gigabyte G5,Hanging on the logo,,"Firmware, reprogramming CMOS (BIOS) with desoldering of the microcircuit and disassembly of the device, Cleaning, prevention of the cooling system, replacement of thermocouples with phase transition (factory) (lev VII)"
IT-012940,Apple A1419,Remove media,,
IT-012954,Dell P125F,flooded,"Conclusion: 👋 Good afternoon! Thank you for contacting IT-TECH. Below are the results of diagnosing your laptop after flooding. 🖨️ Device: Dell P125F laptop 🔢 SN: HYZGJX3 🧾 Fault: Flooded, does not turn on 🔍 Diagnostic result: ✅ After disassembly, traces of flooding of the motherboard were found - corrosion and oxides in the power supply and logic lines. ✅ Local damage to contacts and microelements was recorded on the surface of the board. ✅ A preliminary test showed that power is partially supplied, but the system does not start. ✅ To prevent further destruction, complete cleaning, flushing and restoration of damaged areas of the board are necessary. 🧰 Required work: 💧 Flushing the system board after flooding with removal of oxides 🔧 Restoration of damaged areas of the motherboard ⚙️ Soldering and checking the power supply contact areas ❄️ Cooling system prophylaxis 💠 Replacing the phase transition material (thermal interface) 🧪 Testing after restoration for stability of operation 💡 Conclusion: The malfunction is confirmed - traces of flooding and damage to the board. To fully restore the laptop, it is necessary to flush, repair the motherboard and perform cooling prophylaxis with updating the phase transition. After the work, final testing and stabilization of the power supply system will be carried out. 📩 Please agree on the implementation of restoration work at the link below 👇","Restoration of electronic boards of smartphones, tablets and portable equipment after liquid flooding (cleaning, removal of oxidation and repair of damaged components), Cleaning, prevention of cooling systems, replacement of phase transition thermocouples (factory) (lev VII)"
IT-012941,Dell Inspiron 15,Install OS,,Windows and software recovery
IT-012952,Acer A315-55G,OS recovery + format everything,,"Windows and software recovery, installation of image processing and graphics programs (for 1 pc.)"
IT-012973,Apple A1534,OS is not installed,,
IT-012939,Dream Machines RG350,Laptop prevention,,"Cleaning, preventive maintenance of the cooling system, replacement of phase transition thermocouples (factory) (lev VII)"
IT-012947,Hp Pavilion Gaming Laptop 15,"Matrix, keyboard",,Fault diagnosis with complete disassembly of the device
IT-012936,HP 17,"Wi-Fi disappeared, when trying to reinstall OS 11, it does not install, 10 is installed but then gives an error about the inability to open the program.",,"Firmware, CMOS (BIOS) reprogramming with microcircuit desoldering and device disassembly, Windows and software recovery"
IT-012966,Samsung SM-A145F/DSN,The speaker is not working properly.,,Restoring the device with functional diagnostics
IT-012935,Dell P36E,No sound,,
IT-012926,Asus FX506LH,prevention + cooler,,"Cleaning, prevention of cooling system, replacement of thermoelements (lev V)"
IT-012925,Samsung P5200,battery in -,,"Start, restore the battery charge of the device with disassembly"
IT-012933,Apple A2159,Flooded,,
IT-012920,AENO ARC0002S,Wet cleaning does not work,,
IT-012911,Pocketbook 640,memory problem,"Notes: 🖨️ Device: PocketBook 640 e-book 🔢 SN: S97-N765R03332 🧾 Malfunction: Memory problem 🔍 Diagnostic result: ✅ The power controller, flash memory, and data exchange circuits were checked. ✅ It was found that the memory chip does not respond to any read/write commands — in fact, the memory is “nailed” in hardware. ✅ Software recovery is impossible, since the controller does not respond even through the service interface. ✅ Other components (screen, power, processor part) are functional. 🧰 Work performed: 🔧 System board diagnostics and checking communication with the memory chip ⚙️ Testing the power controller and bootloader 🔋 Checking the stability of the power supply and data lines 📏 Assessment of the feasibility of repair 💡 Conclusion: The malfunction is confirmed — the memory is completely out of order. To restore operation, you must perform: 🔄 Replacing the entire motherboard with memory 💾 System firmware after installing a new board The approximate cost will depend on the availability of spare parts. The client's consent to replace the board is required before starting work. 📩 To confirm the repair, follow the link below 👇 Conclusion: 🔍 Diagnostic result: ✅ It was previously determined that the built-in memory was completely out of order - the chip did not respond to read and write commands. ✅ Software recovery or flashing is impossible due to hardware damage. ✅ To fully restore operability, the motherboard was replaced together with the memory module. ✅ After installing the new board, the device starts up successfully, reads files stably, responds to control, and charges without failures. 🧰 Work performed: 🔧 Motherboard replacement (with integrated memory) 💾 Software installation and firmware update ⚙️ Testing basic functions (screen, buttons, memory, charging) 🔋 Checking autonomy after replacement 💡 Conclusion: The e-book has been successfully restored ✅ After replacing the motherboard, the device works stably, the memory functions correctly. It is recommended to periodically create backup copies of books to prevent data loss in the future.",Motherboard replacement with complete disassembly of the device
IT-012917,Gigabyte G5,Hanging on the logo,,"Firmware, reprogramming CMOS (BIOS) with desoldering of the microcircuit and disassembly of the device, Cleaning, prevention of the cooling system, replacement of thermocouples with phase transition (factory) (lev VII)"
IT-012921,HP 250 G5,"buggy, upgrade.",,"Windows OS recovery with software package + Cleaning, laptop prevention with replacement of thermal pads"
IT-012886,Redmi Note 11s,frame/body restoration,,
IT-012904,Hp Pavilion Gaming Laptop 15,Cleaning + add RAM,,"Cleaning, prevention of cooling system, replacement of thermoelements (lev V)"
IT-012879,Dell Inspiron 15,Install OS,,"Windows and software recovery, cleaning, cooling system prevention, replacement of thermoelements (lev V)"
IT-012893,Lenovo ThinkPad X1 Carbon,matrix replacement,,"Replacing the matrix (display, screen) with complete disassembly of the device"
IT-012868,Acer AN517-54,Cleaning,,"Cleaning, preventive maintenance of the cooling system, replacement of phase transition thermocouples (factory) (lev VII)"
IT-012916,AENO Asm0002,The water is not heated enough and is bubbling.,"Conclusion: 🖨️ Device: AENO ASM0002 Steam Mop 🔢 SN: ASM20142200379 🧾 Malfunction: Water does not heat up, gurgling is heard during operation 🔍 Diagnostic result: ✅ A full check of the heating, steam supply and temperature control system was carried out. ✅ The heating elements, thermal protection and temperature sensors were tested in different operating modes. ✅ The malfunction was not confirmed during the diagnostics process - steam generation is stable, the heating temperature is within the norm. ✅ No signs of overheating, water leakage or damage to the seals were detected. ✅ After restarting, the device works normally, steam is supplied evenly, heating continues within the factory parameters. 🧰 Work performed: Visual and electrical inspection of the heating element Checking thermal protection and temperature sensors Testing the operation of the steam generator under load Cleaning the tank from residual deposits 💡 Conclusion: The device is in technically sound condition. No signs of defect or unstable operation have been confirmed. No repairs have been made. The mop remains under the manufacturer's warranty. It is recommended to periodically clean the tank from scale and drain the water after each use to extend the service life of the heating element.",
IT-012866,EPOS H6PRO,left-winger,,Restoring the device with functional diagnostics
IT-012865,HP DV7,service,,"Cleaning, prevention of cooling system, replacement of thermoelements (lev I)"
IT-012871,WACOM CTL-4100MVL,to fix the whip,,
IT-012872,Hp Victus 16,prevention,,"Cleaning, preventive maintenance of the cooling system, replacement of phase transition thermocouples (factory) (lev VII)"
IT-012864,Hp Pavilion Gaming Laptop 15,"The screen sometimes works, sometimes not, maybe a cable",,"Reassembly with disassembly of the device with reconnection of all components (modules, cables, etc.), Reassembly of the display module with disassembly of the device with reconnection of all components (modules, cables, etc.)"
IT-012863,Asus F541NA,-,,"Battery replacement, battery with complete disassembly of the device, Windows OS recovery with software package + Cleaning, laptop prevention with replacement of thermal interfaces"
IT-012846,Asus FX505DU,problem with wifi,,
IT-012859,Apple A2337,Matrix replacement,,"Replacing the matrix (display, screen) with complete disassembly of the device"
IT-012860,Gamemax White China (MB),After cleaning it started to hang,,"AMD Ryzen 5 5600 processor + Motherboard, Custom gaming PC assembly / assembly + disassembly of old PCs"
IT-012829,Lenovo Ideapad 5 PRO,Cleaning,,"Cleaning, preventive maintenance of the cooling system, replacement of phase transition thermocouples (factory) (lev VII)"
IT-012832,Xiaomi Air 13.3,It slows down a lot,,Urgent diagnostics of device malfunction
IT-012835,Cooler Master Black,"Freezes, may turn off during operation",,"Cleaning, prevention of the cooling system, replacement of thermoelements (lev V), Replacement of the computer power supply with connection of all components"
IT-012827,HP 15s,"Didn't turn on, service",,"Cleaning, prevention of cooling system, replacement of thermoelements (lev V)"
IT-012826,Dell T3500,Does not turn on,,
IT-012823,Samsung SM-X205,Does not turn on,,
IT-012820,Xiaomi M1903F11G,afloat,"Conclusion: 🖨️ Device: Xiaomi M1903F11G Smartphone 🔢 SN: S97-N765R03300 🧾 Malfunction: Flooded with water 🔎 Diagnostic results and work performed: ✅ A full diagnostics of the device was carried out - traces of moisture were found inside the case, in particular on the motherboard and contact connections. ✅ A complete disassembly of the smartphone was performed with the disconnection of all components: board, cameras, connectors, cables and battery. ✅ The board was thoroughly washed with a special solution, removing oxidation and moisture residues from contacts and microcircuits. ✅ The components were dried and the device was completely reassembled with control of all connections. ✅ After assembly, the main components were tested. 📋 Conclusion: The smartphone was successfully restored after flooding. At the moment, the device turns on and works stably, but further observation is recommended - the effects of contact with liquid may manifest themselves over time (for example, oxidation of tracks or degradation of loops).","Restoration of electronic boards of smartphones, tablets and portable equipment after liquid spills (cleaning, removing oxidation and repairing damaged components)"
IT-012819,Lenovo ThinkBook 15,"Broken case, broken screen mounts",Notes: Repair of the device is impossible (impracticable). The device components and parts have significant wear and tear and are not suitable for further operation. The device is obsolete and must be written off. Conclusion: Repair of the device is impossible (impracticable). The device components and parts have significant wear and tear and are not suitable for further operation. The device is obsolete and must be written off.,Diagnostic result and technical condition certificate
IT-012818,Apple A2681,Keyboard not working,,"Restoration of electronic boards of smartphones, tablets and portable equipment after liquid spills (cleaning, removing oxidation and repairing damaged components)"
IT-012816,Asus FX507ZC4,siege,,"Cleaning, preventive maintenance of the cooling system, replacement of phase transition thermocouples (factory) (lev VII)"
IT-012850,Xiaomi POCO F4,plywood,,Module reassembly with complete disassembly
IT-012810,Acer AN515-44,Speakers start to crackle after 5 minutes of watching the video,,
IT-012809,TOSHIBA DTB410,fell into the water,"Conclusion: 🔎 Diagnostic result: ✅ The device has come into contact with liquid, which has caused an increased risk of short circuits and corrosion of the controller's electronic components. ✅ The case has been completely disassembled, the control board and interface module have been dried, the contacts have been cleaned, and the insulation layer has been restored. ✅ The integrity of the main memory unit and the stability of the power supply via the USB interface have been checked. ⚙️ Result: 💾 The device has been successfully restored after flooding, the connection is stable, the disk is correctly detected by the system. 🔋 It is recommended to immediately create a backup copy of the data, since after contact with water, gradual oxidation of microcontacts is possible, which may affect the reliability of operation in the future.","Restoration of electronic boards of smartphones, tablets and portable equipment after liquid spills (cleaning, removing oxidation and repairing damaged components)"
IT-012836,ASUS TUF516P,Cleaning,,"Cleaning, preventive maintenance of the cooling system, replacement of phase transition thermocouples (factory) (lev VII)"
IT-012800,Redmi M2006C3LC,Not charging,,"Replacement of connectors (power, audio, USB) of a phone, tablet"
IT-012828,Samsung Galaxy A32,Drowned,,
IT-012795,Asus E1504FA,Gives a blue screen,,
IT-012824,Vinga Black,"It freezes and doesn't respond to anything, it gives a blue screen",,"Cleaning, prevention of cooling system, replacement of thermoelements (lev V)"
IT-012790,2E Gaming Black,Runs slowly and gives errors,,"Windows OS recovery with software package + Cleaning, laptop prevention with replacement of thermal pads"
IT-012789,Lenovo Tab P11 Pro,Does not turn on,,
IT-012787,Acer ANV16-41,does not turn on,,
IT-012778,Acer AN517-51,Install Revit and Autodesk Inventor,,"Installation of programs for image processing, graphics (for 1 pc.)"
IT-012772,Marshall Major 4,intercalary cable replacement,"Conclusion: 🔧 Work performed: ✅ The inter-cup cable was replaced — the housing was disassembled, the damaged wire was dismantled, and a new high-quality signal cable was installed. ✅ The contacts were soldered, observing the polarity of the channels (left/right). ✅ The signal symmetry was checked and the sound quality was tested after the repair. ⚙️ Result: 🎵 The headphones are completely restored — both channels work evenly, without distortion and noise. 💡 It is recommended to avoid excessive cable tension and twisting of the cups to prevent repeated damage to the wire.",Restoring the device with functional diagnostics
IT-012764,Acer AN515-44,Speakers start to crackle after a minute of watching video + 8 GB RAM + phase shift,,"Cleaning, prevention of the cooling system, replacement of phase transition thermoelements (factory) (lev VII), RAM DDR4 8GB 3200MHz CL22 SODIMM"
IT-012760,Samsung NP940XFG,Matrix replacement,,Fault diagnosis with complete disassembly of the device
IT-012842,Apple 10,Battery + re-glue module,,Restoring the device with functional diagnostics
IT-012759,AENO AVS0001,Does not stop vacuuming and does not automatically seal,,
IT-012843,Hp 15-ef0023dx,cooler,"Conclusion: 🖨️ Device: HP 15-ef0023dx laptop 🔢 SN: 5CD016GB4H 🧾 Malfunction: Incorrect operation of the cooling system (cooler) 🔎 Diagnostic results and work performed: ✅ A full diagnosis of the cooling system was carried out, during which it was found that the cooler was not rotating properly - the rotation of the blades was blocked due to mechanical deformation of the fan housing or the ingress of a foreign element. ✅ The cooler was replaced with a new original analogue that fully meets the technical specifications of the device. ✅ During the work, it was found that the thermal interfaces had lost their effectiveness, so the thermal paste was completely replaced with highly conductive materials to ensure proper heat dissipation. ✅ After assembly, the laptop was tested - the temperature of the processor and graphics core is within normal limits, the cooler operates quietly and stably. 📋 Conclusion: The cooling system has been successfully restored. At the moment, the laptop is working stably, without overheating or extraneous noise, and the new cooler provides optimal temperature conditions. It is recommended to carry out preventive cleaning once every 6–12 months to avoid similar malfunctions in the future.",
IT-012841,Samsung SM-S901B/DS,The battery swelled,,
IT-012833,Marshall Major 4,The left one doesn't work.,,
IT-012807,HP 14,Doesn't turn on without power when it goes to sleep,,
IT-012806,Acer A715-76G,+,,
IT-012798,Apple A2159,Cleaning,,
IT-012792,Xiaomi 220233L2C,Underscarf,,
IT-012750,Acer AN515-44,Speakers start to crackle after a minute of watching video + 8 GB RAM + phase shift,,
IT-012744,Acer A715-75G,"prevention, order a 1TB Kingston SSD, clone + increase in size, + pocket.",,
IT-012736,Asus ROG Phone 5,wifi is not working,,
IT-012733,Hp cx0812no,battery - lasts a long time,,
IT-012731,Gigabyte(mb) Black,win 10,,
IT-012730,Asus G531gu,"Cleaning, cooler replacement, SSD",,
IT-012726,Dell P36E,"Something hummed, a manly cooler",,
IT-012723,MSI Thin 15 B13VE,"archicad 28, scetchup 21, 5d render for scetchup 3dmax, 3d max, revit, viber, telegram,",,
IT-012711,Golden Field Black,SSD and OS replacement,,
IT-012721,Samsung SM-M336B/DS,module orig,,
IT-012700,Acer SFE16-42-R61V,Cleaning,,"Boarding of a gyro scooter, gyro board (electric vehicle) wheel with disassembly of the device"
IT-012719,Acer AN515-57,Cleaning,,
IT-012716,Xiaomi Redmi Note 12 Pro 4G,Constant reboot and it is advisable to save data,"Conclusion: 🔎 Diagnostic result: ✅ During the check, it was found that the device is in a state of constant cyclic reboot (bootloop). ✅ The smartphone enters emergency (alert) mode, due to which normal flashing is impossible - the system does not respond to standard recovery tools (Fastboot, Recovery). ✅ The only technically possible recovery method is flashing through the EDL (Emergency Download Mode) engineering mode, however, if the device itself enters this mode, this indicates a deep hardware malfunction - usually in the memory controller or central processor (SoC). ✅ In this case, an attempt to flash through EDL can lead to permanent data loss or complete board failure. ⚙️ Conclusion: The device has a serious hardware malfunction of the motherboard (probably the memory controller or power supply). Repair is economically inexpedient, since recovery will require deep reballing or replacement of the system board. Unfortunately, data recovery is impossible without full access to the internal memory, which is blocked by a hardware failure. 💡 Recommendation: If the data is of high value, it makes sense to contact a specialized center for microscopic NAND memory recovery (data recovery), but this is an expensive and lengthy process, with a low success rate in cases of SoC hardware failures.",Fault diagnosis without disassembling the device
IT-012699,Lenovo ThinkPad T410s,Cleaning,,"Cleaning, preventive maintenance of the cooling system, replacement of phase transition thermocouples (factory) (lev VII)"
IT-012695,Hp Pavilion Gaming Laptop 17,Laptop prevention + activation,,"Cleaning, prevention of the cooling system, replacement of phase transition thermocouples (factory) (lev VII), Activation of Windows OS"
IT-012693,Dell g15,There the laptop started to heat up. It has now started to be used for delta. I didn't even see what kind of hardware it was. I have to say how much it will cost to increase the RAM and SSD,,"Cleaning, preventive maintenance of the cooling system, replacement of phase transition thermocouples (factory) (lev VII)"
IT-012688,Asus(mb) Black,"The OS does not turn on, save data",,Windows and software recovery
IT-012679,Xiaomi Redmi Pad Pro 5G,Module,,Replacing the display (module) of a smartphone/tablet/navigator
IT-012673,Asus FX506HF,Keyboard replacement,,"Replacement of modular keyboard with complete disassembly of the device, cleaning, prevention of cooling system, replacement of phase transition thermocouples (factory) (lev VII)"
IT-012670,Msi BLUE,Break disks,,Partitioning HDD into local disks
IT-012718,Xbox 1914,The problem with typing,,
IT-012712,Hp 15s-fq2679nw,there is a mistake,,Restoring the device with functional diagnostics
IT-012717,Acer Nitro V15,"When launching some games, it gives a blue screen and errors.",,
IT-012710,Sempron black,win10,,Windows and software recovery
IT-012668,Asus M513i,Cleaning,,"Cleaning, prevention of cooling system, replacement of thermoelements (lev V)"
IT-012707,Acer V5-573G,Cleaning,,"Cleaning, prevention of cooling system, replacement of thermoelements (lev I)"
IT-012671,Acer A515-58M,Cleaning,,"Cleaning, prevention of cooling system, replacement of thermoelements (lev V)"
IT-012705,Lenovo Y540-17IRH,Cleaning,,"Cleaning, preventive maintenance of the cooling system, replacement of phase transition thermocouples (factory) (lev VII)"
IT-012704,Acer 7750ZG,Hanging,,
IT-012661,Acer ANV15-41,no one is asked,"Conclusion: 🔎 The following has been established: ✅ The device is not subject to warranty repair in Ukraine, since it was purchased abroad. ✅ Warranty service is possible only if the owner is a US citizen and has an appropriate passport (under the international support program). ✅ The cause of the malfunction is damage to the hub, which is integrated into the central processor (CPU). ✅ To fully restore performance, the processor must be replaced, but such processors are currently not available for sale. ✅ They may probably appear on the market in 6–12 months, but it is a matter of time and availability. ✅ As an alternative, the entire motherboard can be replaced, but its cost is quite high, and the feasibility of such a repair should be considered separately. ⚠️ At the moment, the device is returned without repair, since none of the replacement options are available yet. 👉 Recommendation: wait for the necessary processors to appear or, if the speed of recovery is critical, consider replacing the entire motherboard as the only real option.",
IT-012660,Gigabyte RC55,Cleaning + SSD,,"Cleaning, preventive maintenance of the cooling system, replacement of phase transition thermocouples (factory) (lev VII)"
IT-012656,Asus R540SC,Improve,"Conclusion: 🔎 The inspection revealed: ✅ It is impossible to add RAM constructively - there are no free slots provided. ✅ The main performance improvement was implemented by replacing the drive and full preventive maintenance. 📌 Work performed: ✅ Complete cleaning of the cooling system from dust and dirt ✅ Replacement of thermal interfaces (thermal paste and thermal pads) ✅ Replacement of HDD with a modern SSD drive to significantly speed up work ✅ Installation of the operating system and all necessary software ✅ Control testing of performance after modernization ⚙️ As a result: the laptop works much faster, the cooling is updated, the system is clean and ready for further stable operation. 💡 Although increasing RAM is impossible, thanks to installing the SSD and preventive maintenance, the device received a noticeable increase in performance and reliability.","Windows OS recovery with software package + Cleaning, laptop prevention with replacement of thermal pads"
IT-012654,Asus G531GU,Prevention,,"Cleaning, prevention of the cooling system, replacement of phase transition thermocouples (factory) (lev VII), Replacement, restoration, repair of laptop hinges"
IT-012648,MSI Bravo 15,Gives a blue screen,"Conclusion: 🔎 What was found out: ✅ The primary cause is a faulty native SSD: the drive is not read correctly, which provokes OS crashes. ✅ For verification, a test service SSD with OS and software was installed - the system worked stably, the ""blue screen"" did not recur. ✅ The probability of other hidden causes is low, but a final conclusion is possible only after replacing the main SSD and full tests. 🛠️ What needs to be done: ✅ Replacing the main SSD with a new one (NVMe recommended; volume - at your choice). ✅ Clean installation/transfer of OS and software to a new SSD. ✅ Post-repair stress tests (memory/drivers/BIOS update if necessary) to confirm stability. 📂 Optional: ✅ Attempt to read/copy data from the old SSD (if it is still partially accessible). ✅ If the media is not readable at all - in-depth data recovery in the laboratory is possible (discussed separately). ⚠️ Important: even if you manage to temporarily ""revive"" an old SSD, further use is risky - we recommend replacing it.",Device fault diagnosis
IT-012653,Dell Inspiron 17 7000,not loading,,
IT-012642,Realme C53,Module replacement,,Replacing the display (module) of a smartphone/tablet/navigator
IT-012698,AENO AEK0001S,The degrees button is broken.,,
IT-012640,Hp g6-1000er,put the disc in your pocket,,
IT-012667,Dell Precision 7750,"adobe incopy lightroom indesign premier aftereffect photoshot illustrator ""substuntpaint""",,"Installation of programs for image processing, graphics (for 1 pc.)"
IT-012633,Samsung SM-A145F/DSN,"Speakerphone, can't hear",,Restoring the device with functional diagnostics
IT-012665,Industrial Tablet PC F6APL,Filled with beer,"Conclusion: 🔎 During the inspection, it was established: ✅ The processor remained operational and responds to diagnostic tests. ✅ However, the wiring harness of the board responsible for starting the device is damaged. ✅ Due to corrosion and the absence of working power lines, the PC does not start. ✅ To restore, circuits, donors or new components are required, but they are not available for sale and are not available for order. ⚠️ In this regard, restoring the device is technically impossible and economically inexpedient. 👉 The device is returned without repair.",
IT-012629,Asus X509UB,Improve and save data,,"Windows OS recovery with software package + Cleaning, laptop prevention with replacement of thermal pads, Data recovery from one HDD to another HDD"
IT-012630,Asus X556U,Improve RAM + SSD + OS,,Windows and software recovery
IT-012628,Asus M1505YA,Install OS,,"Windows and software recovery, laser printer refilling, laser printer cartridge recovery (for 1 item)"
IT-012626,Xiaomi Redmi Note 9,Does not turn on,"Conclusion: 🔎 During the diagnostics, it was established: ✅ The main reason is a malfunction of the power controller, which is located directly on the motherboard. ✅ Without this node, the device does not receive power and remains completely inoperable. ✅ For repair, this particular controller needs to be replaced, however: There are no donor boards for restoration There are also no new microcircuits on sale (even from suppliers of specialized components, including tech sites) ⚠️ Due to the lack of the necessary part, restoring the phone is technically impossible. 👉 The device is returned without repair.",Device fault diagnosis
IT-012627,Asus M1505YA,Install OS,,
IT-012622,Acer Aspire 3,Transverse matrix,,"Matrix (display, screen) replacement with complete disassembly of the device, cleaning, cooling system maintenance, replacement of thermoelements (lev V)"
IT-012621,Apple A1822,Unblock,,
IT-012620,Xiaomi TM1707,Blue screen,"Notes: 🔎 Preliminary diagnostics showed: ✅ The SSD drive is likely to have failed, which causes a blue screen and the inability to start the system. ✅ To check and replace the SSD, a complete disassembly of the laptop is required. ✅ It is also recommended to perform preventive maintenance - cleaning the cooling system with replacing thermal interfaces (thermal paste) to prevent overheating. ✅ After installing a new SSD, you will need to install and configure the operating system. ⚙️ As a result of these works, the laptop will receive a new drive, an updated cooling system, and a clean OS - which will ensure stable and fast operation of the device. 👉 Please confirm whether you agree to carry out the specified work so that we can start the repair. Conclusion: 🔎 The problem was caused by a malfunction of the old drive, which prevented the system from starting. ✅ Work performed: ✅ New SSD installed ✅ Complete disassembly of the device to install the drive ✅ Complete set of work to replace / install / add components (SSD, HDD, RAM, DVD - if necessary) ✅ Windows OS restored and installed with a set of necessary software ✅ Complete cleaning and prevention of the cooling system ✅ Replacement of thermal interfaces (thermal paste) for effective heat dissipation ⚙️ As a result: the laptop is fully restored, works stably, boots quickly and is ready for further operation. 💡 Thanks to the installation of a new SSD and comprehensive maintenance, the device has received a ""second life"" and will work much faster and more reliably.","Replacement / installation / addition of SSD, HDD, RAM (random access memory), DVD, etc. with complete disassembly of the device, Windows OS recovery with software package + Cleaning, laptop prevention with replacement of thermal pads"
IT-012619,Lenovo Ideapad Gaming 3,Wi-Fi does not work if you need to change the module or OS,,
IT-012616,Samsung SM-A145F/DSN,"The power switch doesn't work and there's something wrong with the speaker, you can barely hear it.",,Restoring the device with functional diagnostics
IT-012614,Redmi 9 Lite,display replacement,,Replacing the display (module) of a smartphone/tablet/navigator
IT-012644,Dell E7270,does not turn on,,CMOS (BIOS) recovery with complete disassembly of the device
IT-012613,Asus UX32V,Improve,,"Windows OS recovery with software package + Cleaning, laptop prevention with replacement of thermal pads"
IT-012603,Hp Victus 16,Flooded,"Conclusion: 🔎 Diagnostic result: ✅ After disassembly, traces of liquid were found in the area of the system board and power components. Corrosion and oxidation damaged several tracks and partially disabled the charging circuit. ✅ A full restoration was performed after flooding: cleaning from oxides, restoring damaged areas of the board and isolating sensitive areas. ✅ The charger section was repaired - replacing damaged elements and monitoring voltage on the main power lines. ✅ The tracks were restored in places where signals and power were interrupted, the stability of the system was checked after startup. ⚙️ Result: 🔋 The device is fully restored, power and charging are working normally, the system starts stably. 💡 It is recommended to periodically carry out preventive cleaning of the cooling system to avoid repeated overheating or oxidation in vulnerable areas.",Restoring the device with functional diagnostics
IT-012611,Medion MF50CM,OS,,Windows and software recovery
IT-012599,ASUS GU605M,OS recovery,,Windows and software recovery
IT-012610,Acer AN517-51,"Improve, add SSD, RAM 2 to 16, Phase transition, OS + Sketchup, Archicad + Layout + style Builder",,"RAM 2x16 GB, Windows OS recovery with software package + Cleaning, laptop prevention with replacement of thermal interfaces, Installation of programs for image processing, graphics (for 1 pc.)"
IT-012601,Lenovo Legion 5,Dust cleaning + look at the touchpad + OS,,"Cleaning, cooling systems, blowing the device with compressed air from dust and other substances, without replacing thermal elements, Windows and software recovery"
IT-012643,Asus x550l,"problem with the speakers, we had the same problem, the speakers just started to fade out.",,Replacing laptop speakers
IT-012595,Asus 1215B,Not working,"Conclusion: 🔎 After diagnostics, serious malfunctions were detected: ✅ processor failed ✅ battery is faulty 💰 Considering the age of the device and the cost of repair, recovery is economically unprofitable. 🔄 It is recommended to consider purchasing a new laptop as a more appropriate option.",
IT-012590,Dell Inspiron 15,"Improve + OS + install WhatsApp, rewrite information from HDD to SSD",,"Windows OS recovery with software package + Cleaning, laptop prevention with replacement of thermal pads"
IT-012597,Dell Inspiron 15,Improvements + battery,,"Windows OS recovery with software package + Cleaning, laptop prevention with replacement of thermal pads, Dell laptop battery 14.8V 2800mAh Black"
IT-012598,Dell Inspiron 15,Improve,,"Windows OS recovery with software package + Cleaning, laptop prevention with replacement of thermal pads"
IT-012582,System unit Black,The OS does not load.,,
IT-012587,HP 15,Cleaning,,"Cleaning, preventive maintenance of the cooling system, replacement of thermoelements (lev III)"
IT-012577,Asus G531GV,Keyboard partially not working again,,
IT-012580,Asus UX333F,Cleaning + looking at the laptop because it fell,,"Cleaning, prevention of cooling system, replacement of thermoelements (lev IV)"
IT-012574,ASUS K42F,something in the cooler is being knocked out,,Restoring the device with functional diagnostics
IT-012575,Dell Vostro 14,SSD replacement,,"Windows and software recovery, Replacement / installation / addition of SSD, HDD, RAM (random access memory), DVD, etc. with complete disassembly of the device"
IT-012576,Acer AN515-45,Laptop prevention,,"Windows and software recovery, cleaning, cooling system maintenance, replacement of phase transition thermocouples (factory) (lev VII)"
IT-012566,Apple A2159,battery replacement,"Notes: 🔎 After disassembling the device, it was found: ✅ The battery is damaged and must be replaced. ✅ In addition to the battery itself, problems were found with the connection cables. ✅ One of the cables must be ordered additionally, otherwise the new battery will not be able to work correctly. 🔗 Link to the required cable: https://2mac.ua/shlejf-batarei-dlya-macbook-pro-13-2019-a2159/ 💰 The cost of the cable is 1169 UAH 🚚 Estimated delivery cost is approximately 100 UAH ⚠️ Without replacing the cable, installing a new battery is pointless, it is a risk, because additional problems are possible. 👉 Please confirm whether we order the cable together to continue the repair. The battery is already in stock, but replacing it did not help.","Battery replacement, battery with complete disassembly of the device, delivery by Nova Poshta at the courier company's rate"
IT-012569,Apple a1707,Keyboard replacement,"Notes: 📍 Diagnostic Result 🔎 After inspection, it has been determined that the keyboard requires a complete replacement. On this model, the keyboard is integrated into the chassis, which makes the repair procedure more complex and requires full disassembly of the laptop. ✅ Proposed works: Complete disassembly of the device. Removal of the old keyboard. Installation of a new keyboard with proper assembly and fixation. Control testing after assembly to check functionality. ⚠️ Replacing this unit is a rather complicated procedure, but only it guarantees the restoration of full device performance. 👉 Please confirm whether you agree to carry out work to replace the keyboard. After receiving your consent, we will immediately begin the repair. 📍 Diagnostic Result (English version) 🔎 After inspection, it has been determined that the keyboard requires a complete replacement. On this model, the keyboard is integrated into the chassis, which makes the repair procedure more complex and requires full disassembly of the laptop. ✅ Proposed works: Complete disassembly of the device. Removal of the defective keyboard. Installation of a new keyboard with proper mounting and fixation. Final testing to ensure full functionality. ⚠️ This is a delicate and labor-intensive procedure, but it is the only reliable solution to fully restore the device. 👉 Please confirm if you agree to proceed with the keyboard replacement. Once we receive your approval, we will immediately begin the repair.","Replacement of a modular keyboard with complete disassembly of the device, Cleaning, prevention of the cooling system, replacement of thermocouples with phase transition (factory) (lev VII), Delivery of the ZCH by Nova Poshta at the courier company's rate"
IT-012565,Acer E5-511G,"Turns on, but blue screen + Look at the charging port","Notes: 🔎 Diagnostics showed that the cause of the problem was a faulty SSD drive. An additional check of the connectors was carried out - no defects were found. ✅ Work performed: ✅ Replacement of the SSD drive under warranty ✅ Installation and reinstallation of the operating system ✅ Full testing of the system after recovery ✅ Checking the connectors - no problems were found ⚙️ As a result: the laptop works stably, the system boots without errors, the blue screen no longer occurs, no hardware malfunctions with the connectors were detected. 💡 Thus, the device received an updated SSD and a clean OS, which provides faster, more stable and reliable operation. Conclusion: 🔎 Diagnostics showed that the cause of the problem was a faulty SSD drive. An additional check of the connectors was carried out - no defects were found. ✅ Work performed: ✅ SSD replacement under warranty ✅ Operating system installation and reinstallation ✅ Full system testing after recovery ✅ Connector check - no problems found ⚙️ As a result: the laptop works stably, the system boots without errors, the blue screen no longer occurs, no hardware malfunctions with the connectors were detected. 💡 Thus, the device received an updated SSD and a clean OS, which provides faster, more stable and reliable operation.","Windows and software recovery, Replacement / installation / addition of SSD, HDD, RAM (random access memory), DVD, etc. with complete disassembly of the device"
IT-012552,Vinga Black,"takes a long time to turn on, stutters, has problems with time (""Back to the Future"")",,
IT-012554,Acer AN515-45,"Cleaning + flushing by keys, lower left side",,"Cleaning, prevention of the cooling system, replacement of phase transition thermocouples (factory) (lev VII), Partial flushing of the keyboard keys"
IT-012560,Microsoft 1769,Keyboard not working,"Notes: 🔎 After diagnostics, it was found that: ✅ The upper part of the laptop (the module that houses the keyboard and touchpad) is probably faulty. ✅ When connecting the keyboard and touchpad, the device does not work correctly due to problems in the HUB (USB controller) located on the motherboard. ✅ After disassembly, active moisture markers were found, indicating that the device has come into contact with liquid. ✅ When the keyboard is disconnected, the laptop partially works properly, but the native keyboard and touchpad remain inoperable. 📌 Possible solutions: 1️⃣ Use the device via an external USB hub with the native keyboard and touchpad disconnected. 2️⃣ Replace the keyboard module with the touchpad. The approximate cost of the module itself (without work) is about 6,000 UAH. This is the official and most complete repair option, but also the most expensive. 3️⃣ Make a full disk clone with all information and deploy the image to another laptop (if the main value is the data, not the device itself). ⚠️ Important: given the detected traces of moisture and damage to the USB hub, the risk of repeated failures in case of partial repair remains. 👉 Please confirm which of the options is acceptable to you so that we can prepare further steps.",Fault diagnosis with complete disassembly of the device
IT-012573,4ento black,USB not working,"Conclusion: 🔎 The check showed that all USB ports on the motherboard are burned out. This is hardware damage that cannot be repaired locally. ✅ The only option to restore the device is to completely replace the motherboard. ✅ The board used is on the old AM3 socket, which has long been discontinued, so it is quite difficult to find a new or even used one in good condition. ⚠️ Restoring USB ports without replacing the entire board is impossible.","Set of MP+RAM+CPU, Windows OS recovery with software set + Cleaning, laptop prevention with replacement of thermal interfaces, Motherboard replacement with complete disassembly of the device"
IT-012571,Dell XPS 13 7390,Turns on by itself after turning off + left TYPE-C doesn't work well,"Conclusion: TYPE-C was cleaned, there was plastic inside, but unfortunately they couldn't solve the problem with auto-on. Tried different OS, even on Linux it behaves the same.",
IT-012546,Asus X51r,turned off,,Fault diagnosis with complete disassembly of the device
IT-012544,Acer AG15-71P,make 32 gigabytes of RAM.,,"Replacing/installing/adding SSD, HDD, RAM, DVD, etc. WITHOUT completely disassembling the device"
IT-012538,Xiaomi pad 5,Module replacement,,Replacing the display (module) of a smartphone/tablet/navigator
IT-012532,AeroCOOL white,turns off after transportation,,"Cleaning, prevention of cooling system, replacement of thermoelements (lev IV)"
IT-012551,X96 Max,5v 2a,,
IT-012528,Asus FX506LI,OS REPLACEMENT,,
IT-012543,Vinga Black,Does not turn on,,"Reassembly with disassembly of the device with reconnection of all components (modules, cables, etc.)"
IT-012568,Asus S533F,Cleaning,,"Cleaning, preventive maintenance of the cooling system, replacement of phase transition thermocouples (factory) (lev VII)"
IT-012562,SVEN ms-2050,cracks,"Conclusion: 🔎 During the inspection, the following was found: ✅ a broken connector, which leads to interference in the sound; ✅ additionally, there is a problem in the BT2313M Boomtech chip. ⚠️ In Ukraine, this chip is currently not available for sale, and even among suppliers it is practically not found. Because of this, recovery requires searching for components abroad. 👉 At the moment, the device can only be repaired after replacing the connector and if the necessary chip is available. Without replacing the BT2313M, the speaker will not work correctly. 💡 Conclusion: repair is possible only in the case of a scarce chip supply, so recovery is still postponed.",
IT-012526,Lenovo Ideapad S145,RAM + hinges + preventive maintenance,,"Cleaning, prevention of the cooling system, replacement of thermoelements (lev IV), Replacement, restoration, repair of laptop hinges, Replacement / installation / addition of SSD, HDD, RAM (random access memory), DVD, etc. with complete disassembly of the device, Replacement, restoration of laptop case parts"
IT-012523,Acer EX215-57,OS,,Windows/MacOS/Linux OS recovery and more.
IT-012531,Samsung Galaxy M12,Module replacement,,Replacing the display (module) of a smartphone/tablet/navigator
IT-012525,Apple A2337,"Does not turn on after a small ""coffee"" and a complete battery discharge","Notes: 🔎 During the diagnostics, the consequences of flooding were confirmed: oxides and damage to contact areas were found on the motherboard. This made it impossible to start the device. A set of works was carried out to restore it: ✅ Complete cleaning of the laptop after flooding, removal of oxides and liquid residues. ✅ Restoration of damaged areas of the motherboard after corrosion. ✅ Cleaning the cooling system to remove contaminants. ✅ Replacing the thermal interface with a phase transition thermal paste for the most effective heat dissipation. ✅ Control testing after restoration work under load. ⚙️ As a result: the laptop was successfully restored after flooding, it turns on and works stably. The cooling system was updated, the board was cleaned and restored, which significantly reduces the risk of further failures. 💡 In other words, the device received a ""full-fledged resuscitation recovery"" and is now ready for reliable operation. Conclusion: 🔎 During the diagnostics, the consequences of flooding were confirmed: oxides and damage to contact areas were found on the motherboard. This made it impossible to start the device. A set of works was carried out to restore it: ✅ Complete cleaning of the laptop after flooding, removal of oxides and liquid residues. ✅ Restoration of damaged areas of the motherboard after corrosion. ✅ Cleaning the cooling system to remove contaminants. ✅ Replacing the thermal interface with a phase transition thermal paste for the most effective heat dissipation. ✅ Control testing after restoration work under load. ⚙️ As a result: the laptop was successfully restored after flooding, it turns on and works stably. The cooling system was updated, the board was cleaned and restored, which significantly reduces the risk of further failures. 💡 In other words, the device received a ""full-fledged resuscitation recovery"" and is now ready for reliable operation.","Cleaning, prevention of the cooling system, replacement of phase transition thermocouples (factory) (lev VII), Restoration of the device after ingress of moisture, dirt and other foreign particles"
IT-012522,Samsung SM-A315F/DS,Display,,Replacing the display (module) of a smartphone/tablet/navigator
IT-012517,Samsung SM-A145F/DSN,Battery replacement,,Battery replacement with complete disassembly of the device
IT-012510,Hp Victus 16,Does not turn on,"Notes: 🔎 After diagnostics, it was determined that the cause of the malfunction is at the motherboard level. A faulty node makes it impossible to start the device. ⚠️ Important: to further resolve the warranty issue, we need to receive from you a warranty card/documents from the store where the laptop was purchased. This is a mandatory requirement of the supplier for consideration of the warranty case and possible free repair. 👉 Without providing a warranty document from the store, repair will be possible only on a paid basis. Please provide a warranty card so that we can officially transfer your laptop for warranty consideration. Conclusion: The motherboard has been replaced under warranty.",
IT-012509,Redmi 23124RA7EO,Not charging,,"Replacement of connectors (power, audio, USB) of a phone, tablet"
IT-012508,Lenovo Y50-70,prevention,,"Cleaning, preventive maintenance of the cooling system, replacement of phase transition thermocouples (factory) (lev VII)"
IT-012506,Asus FX506LU,Replace only the cooler that is humming,,"Installation, replacement of cooling (radiator, cooler) of the device"
IT-012507,Xiaomi Redmi 9T,Module replacement,"Conclusion: 🔎 Work performed: ✅ The display module was replaced. ✅ Careful installation was performed with checking the cables and fixing the elements. ✅ The sensor and image were tested - the display is fully restored. ⚙️ As a result: the phone is functioning properly, the image is clear, the sensor responds correctly. The device is ready for further operation.",Replacing the display (module) of a smartphone/tablet/navigator
IT-012501,Samsung SM-G955FD,Connector replacement,,Restoring the device with functional diagnostics
IT-012490,Hp Victus 16,phase transition,,"Cleaning, preventive maintenance of the cooling system, replacement of phase transition thermocouples (factory) (lev VII)"
IT-012500,Medion GM5MP0Y,OS recovery,,"Windows and software recovery, replacement/installation/addition of SSD, HDD, RAM, DVD, etc. WITHOUT complete disassembly of the device"
IT-012485,Asus UX430U,"We need to catch the backlight, whether it's the matrix or the loop","Notes: 🔎 At this stage, it has been determined that the problem may be related to both the display matrix itself and the cable responsible for signal transmission. For accurate diagnostics, it is necessary to check both options. ⚙️ For further work, the following has already been ordered: ✅ a new display matrix, ✅ a matrix cable. The expected arrival of parts is tomorrow evening. After replacement and testing, the source of the malfunction will be precisely determined and a repair will be carried out. 💡 Thus, in the near future, the laptop will undergo a final check with new parts, and we will be able to guarantee the correct solution.",
IT-012482,Honor JSN-L21,"turns itself off, buttons",,Restoring the device with functional diagnostics
IT-012474,Apple A1502,speaker cleaning and replacement,,"Cleaning, preventive maintenance of the cooling system, replacement of phase transition thermocouples (factory) (lev VII)"
IT-012472,Lenovo G50-45,Improve,,"Windows OS recovery with software package + Cleaning, laptop prevention with replacement of thermal pads"
IT-012479,Apple A1466,remove the battery,,"Reassembly with disassembly of the device with reconnection of all components (modules, cables, etc.)"
IT-012468,AENO ADB0008,Not working,"Conclusion: 🔎 The inspection confirmed the malfunction. Since the breakdown is covered by the warranty, the decision was made to replace the device. ✅ Completed: replacement with a new device under warranty. ⚙️ As a result: You receive a new AENO ADB0008 toothbrush, which is completely ready for use. 💡 Thank you for contacting us! Your device has been replaced free of charge under warranty.",
IT-012469,HP G72,Rewrite Hard drive info to SSD + SSD replacement + OS 10 + RAM 2 to 8,,"Windows and software recovery, Data recovery from one HDD to another HDD, HP laptop battery"
IT-012457,Google Pixel 4a 4G,BATTERY REPLACEMENT,,Restoring the device with functional diagnostics
IT-012460,Hp Pavilion 15,Cleaning,,"Cleaning, prevention of cooling system, replacement of thermoelements (lev IV)"
IT-012454,Samsung SM-S918B/DS,Module,,"Replacing the matrix (display, screen) with complete disassembly of the device"
IT-012455,Oppo A18,Module replacement,Notes: Filled with super glue,Fault diagnosis without disassembling the device
IT-012443,Pocketbook 840,The network is not working.,"Conclusion: 🔎 During the verification process, it was found that the problem is not software (not related to firmware or software). The malfunction is of a deeper, hardware nature. There is a high probability of damage to the central processor (CPU) or other critical components of the board. ⚠️ Unfortunately, in this case, repair is economically and technically inexpedient. Recovery may require complex intervention at the microcircuit level with low chances of a stable result. 👉 Therefore, the device will be returned without repair. 💡 Conclusion: the problem is global, probably in the CPU area, recovery of this level is not a practical solution.",
IT-012442,Apple A2337,Wash the right side of the keyboard,,Keyboard flushing by button
IT-012514,Lenovo Gaming 3,"cleaning, replacing thermal paste",,"Cleaning, preventive maintenance of the cooling system, replacement of thermoelements (lev III)"
IT-012441,Asus X540LA,acb,,
IT-012513,HP 250,"DIAGNOSTICS, connect a broken matrix and check if there is an image. The image is only on HDMI","Notes: 🔎 Diagnostic measures performed: ✅ A broken original matrix was connected to check its performance - there is no image. ✅ Testing was performed with replacement with three different compatible matrices - the result was unchanged. ✅ Connectors were blown and reconnected - no effect. 📊 Preliminary conclusions: 🔹 A probable malfunction may be associated with the display cable, but the probability is low (due to the repeated result with different matrices). 🔹 The main suspicion is damage or degradation of the video core in the central processor (the video chip is integrated into the CPU). 📌 Note: no repair work has been carried out yet, only extended diagnostics have been performed to determine the nature of the malfunction. Further actions require agreement with the client. Conclusion: 🔎 Diagnostic measures performed: ✅ A broken original matrix was connected to check its performance - there is no image. ✅ Testing was performed with replacement with three different compatible matrices - the result was unchanged. ✅ Connectors were blown and reconnected - no effect. 📊 Preliminary conclusions: 🔹 A probable malfunction may be associated with the display cable, but the probability is low (due to the repeated result with different matrices). 🔹 The main suspicion is damage or degradation of the video core in the central processor (the video chip is integrated into the CPU). 📌 Note: repair work has not been carried out yet, only extended diagnostics have been performed to determine the nature of the malfunction. Further actions require agreement with the client.",Fault diagnosis with complete disassembly of the device
IT-012491,Asus X1504VA,OS,,Windows and software recovery
IT-012496,Frontier Black,"Cleaning, Add video card + RAM + SSD",,"Windows OS recovery with software package + Cleaning, laptop prevention with replacement of thermal pads"
IT-012480,Lenovo Ideapad Gaming 3,prevention,,"Cleaning, preventive maintenance of the cooling system, replacement of phase transition thermocouples (factory) (lev VII)"
IT-012431,Patensic Atom,get a flash drive,,"Reassembly with disassembly of the device with reconnection of all components (modules, cables, etc.)"
IT-012434,Acer Predator Helios 300,Laptop prevention,,"Cleaning, preventive maintenance of the cooling system, replacement of phase transition thermocouples (factory) (lev VII)"
IT-012419,Asus Black,Cleaning,,"Cleaning, preventive maintenance of the cooling system, replacement of phase transition thermocouples (factory) (lev VII)"
IT-012418,Xiaomi Redmi Note 12 Pro 4G,Connector replacement,,"Replacement of connectors (power, audio, USB) of a phone, tablet"
IT-012433,ASUS K3500P,The cooler is buzzing.,,
IT-012499,HP 15s,Flooded,,"Device restoration after moisture, dirt and other foreign particles, Replacement of modular keyboard with complete disassembly of the device"
IT-012411,Asus X515E,"Doesn't turn on, blue screen",,Windows and software recovery
IT-012449,Huawei p30 lite,Module replacement,,Replacing the display (module) of a smartphone/tablet/navigator
IT-012448,Samsung Galaxy Tab A7 10.4 (2020),"Not charging, broken connector",,
IT-012440,WD 3021B,data recovery,"Notes: 🧾 Diagnosis: The device has critical malfunctions, due to which standard data recovery in a service center is impossible. 🔧 Conclusion and recommendation: In this case, it is advisable to contact a specialized data recovery center EPOS, which has the necessary equipment and laboratory conditions for working with damaged drives. This will increase the chances of successfully recovering important information. Conclusion: 🧾 Diagnosis: The device has critical malfunctions, due to which standard data recovery in a service center is impossible. 🔧 Conclusion and recommendation: In this case, it is advisable to contact a specialized data recovery center EPOS, which has the necessary equipment and laboratory conditions for working with damaged drives. This will increase the chances of successfully recovering important information.",
IT-012435,Lenovo Yoga 530,"evropolygraph, old programs",,
IT-012421,Google G8V0U,Module + glass,,
IT-012415,Hp Pro Mini 400,"Doesn't turn on, gives errors",Notes: Motherboard replaced under manufacturer's warranty. Conclusion: Motherboard replaced under manufacturer's warranty.,
IT-012413,Acer AN515-57,Cleaning,,
IT-012409,Dell P89F,Does not turn on (changed percentage),"Notes: 🔎 During the diagnostics, it was found that the cause of the malfunction was a damaged system BIOS. Due to a firmware failure, the laptop lost the ability to start up and perform basic functions. To restore operability, the following was performed: ✅ BIOS firmware and recovery — the basic system that controls the device startup. ✅ Laptop recovery — now it turns on and functions correctly. ⚠️ Additionally, it was found that the battery (battery) is not working and needs to be replaced. At the moment, the device can only operate from mains power. 💡 Summary: the laptop has been successfully restored after a serious BIOS failure. For full autonomous operation, it is recommended to replace the faulty battery. Conclusion: 🔎 During the diagnostics, it was found that the cause of the malfunction was a damaged system BIOS. Due to a firmware failure, the laptop lost the ability to start up and perform basic functions. To restore operability, the following was performed: ✅ BIOS firmware and recovery — the basic system that controls the device startup. ✅ Laptop recovery - now it turns on and functions correctly. ⚠️ Additionally, it was found that the battery (battery) is not working and needs to be replaced. At the moment, the device can only work from mains power. 💡 Summary: the laptop has been successfully restored after a serious BIOS failure. For full autonomous operation, replacing the faulty battery is recommended.",
IT-012408,Dell Inspiron 15,Does not turn on,,
IT-012406,Asus Q407I,"It overheats a lot, hangs by itself. Diagnostics","Notes: 🔍 Diagnostics: 1️⃣ Dried thermal paste was detected on the processor and graphics chip, which lost thermal conductivity. 2️⃣ Thermal pads on the video card memory and VRM hardened, which significantly reduced cooling efficiency. 3️⃣ Traces of overheating were recorded on one of the GPU memory chips, an imprint remained even on the radiator. 4️⃣ The cooling system needs to be cleaned of dust and all thermal interfaces replaced. 🛠 Recommended work: ✅ Complete cleaning of the cooling system. ✅ Replacing thermal paste with a modern one with a phase transition. ✅ Dismantling old thermal pads and installing liquid ones with high thermal conductivity. ✅ Monitoring temperature regimes after maintenance. ⚠️ Important: Only after replacing consumables (thermal paste and pads) will it be possible to finally determine whether the video memory is damaged. 📌 Conclusion: Maintenance is critically necessary to prevent further damage to components.",
IT-012405,Acer A515-54,Clean + Restore OS. Save data.,,
IT-012397,Dell Optiplex 3090 Micro,Does not turn on,"Conclusion: 🔧 Actions taken: ✅ System unit diagnostics were performed, motherboard malfunction was confirmed. ✅ As part of the warranty obligation, the motherboard was replaced with a new original one. ✅ Compatibility and operability of the main components were checked after replacement. ✅ The system unit successfully passed the startup and basic function tests. 📊 Preliminary result: The device turns on and functions normally.",
IT-012403,Dell P89F,rebooting,,
IT-012393,Lenovo V580,replace the matrix and look at the video card cooler + do not output the image to hdmi,,
IT-012389,Acer AN515-55,"Cleaning, adding RAM",,"Cleaning, prevention of the cooling system, replacement of phase transition thermocouples (factory) (lev VII), Replacement / installation / addition of SSD, HDD, RAM (random access memory), DVD, etc. with complete disassembly of the device"
IT-012402,Arduino STM32,solder the connectors,,
IT-012380,Samsung SM-a107F,Not charging,,"Replacement of connectors (power, audio, USB) of a phone, tablet"
IT-012388,Dell N5110,"Bitlocker is blocked, restore data + cleanup + OS","Notes: 🔍 Diagnostics and work performed: - It was determined that the lock is associated with a Microsoft account - the password is stored in a cloud profile and cannot be removed locally on the device itself. - Attempts to bypass protection without access to the account were impossible. - Device maintenance was performed: - dust cleaning and preventive maintenance were performed, - the cooling system was checked, - the RAM and disk drive were checked. - The media was fully formatted with the subsequent installation of a new operating system to ensure stable operation of the laptop. ✅ Status: The device has been restored to working condition, access was restored by reinstalling the OS. Conclusion: 🔍 Diagnostics and work performed: - It was determined that the lock is associated with a Microsoft account - the password is stored in a cloud profile and cannot be removed locally on the device itself. - Attempts to bypass protection without access to the account were impossible. - The device has been serviced: - dust removal and preventive maintenance, - the cooling system has been checked, - the RAM and disk drive have been checked. - The media has been fully formatted with the subsequent installation of a new operating system to ensure stable operation of the laptop. ✅ Status: The device has been restored to working condition, access has been restored by reinstalling the OS.","Windows and software recovery, cleaning, cooling system prevention, replacement of thermoelements (lev IV)"
IT-012399,ASUS K3500P,Laptop prevention,"Notes: 🔍 Diagnostics: 1️⃣ A full technical inspection of the cooling system was carried out. 2️⃣ It was found that the thermal paste on the central processor and video card had completely lost its properties - it became ""stone"" and did not provide heat transfer. 3️⃣ The use of thermal paste instead of liquid thermal pads was detected on the memory chips, and the paste had dried up. 4️⃣ Excessive overheating of the laptop was recorded, which negatively affected the performance and resource of the components. 🛠️ Recommendations: ✔️ Replace all thermal interfaces (processor, video chip, memory) with materials with high thermal conductivity. ✔️ Use liquid thermal pads instead of paste for memory chips. ✔️ Carry out a complete preventive cleaning of the cooling system. Conclusion: 🔧 Work performed ✅ The cooling system was cleaned. ✅ The thermal pads were replaced with new ones with appropriate thermal conductivity characteristics. ✅ The CPU and graphics adapter are coated with a modern thermal paste with a phase transition for maximum efficient heat dissipation. 📌 Result after service ✅ The laptop's temperature regime has been brought back to normal. ✅ The noise level of the cooling system has been reduced. ✅ The stability of the device under load has been increased. ✅ The resource of components has been extended thanks to optimal cooling. 👉 The laptop is fully ready for further operation.",
IT-012378,Acer E1-571G,Install SSD + OS + configure printer,,"Windows and Software Recovery, Printer Driver Installation and Configuration"
IT-012375,Xiaomi 15,Cleaning + SSD,,"Cleaning, prevention of the cooling system, replacement of phase transition thermocouples (factory) (lev VII), Replacement / installation / addition of SSD, HDD, RAM (random access memory), DVD, etc. with complete disassembly of the device"
IT-012372,Google Pixel 7a,"Battery replacement, battery order",,Battery replacement with complete disassembly of the device
IT-012371,HP 15t,the left cooler (bottom right) is not working,,
IT-012373,Asus UM431D,"Does not turn on, matrix",,"Replacing the matrix (display, screen) with complete disassembly of the device"
IT-012394,Lenovo 8.5,does not turn on,"Notes: 🔍 Diagnostics: System board failure detected. 📌 Conclusion: Repair is not economically feasible, device replacement is recommended. Conclusion: 🔍 Diagnostics: System board failure detected. 📌 Conclusion: Repair is not economically feasible, device replacement is recommended.",Fault diagnosis with complete disassembly of the device
IT-012366,Oppo CPH2205,Module replacement,,Replacing the display (module) of a smartphone/tablet/navigator
IT-012398,Lenovo TB328FU,Turned off and won't turn on,,
IT-012355,Acer Nitro V15,dulls,,
IT-012353,Acer ES1-512,Not loading,,Data recovery when the file system is destroyed
IT-012347,Honor JSN-L21,display,,"Replacing the matrix (display, screen) with complete disassembly of the device"
IT-012351,Acer ANV15-51,unlock bios,,CMOS (BIOS) firmware on a programmer without desoldering the chip
IT-012346,Lenovo Legion 5,"Cleaning, OS, SSD, data transfer",,"Windows OS recovery with software package + Cleaning, laptop prevention with replacement of thermal pads, Data recovery from one HDD to another HDD"
IT-012337,Zte Blade A53,Module replacement,,Replacing a modular keyboard with complete disassembly of the device
IT-012336,Acer A515-57G,Keyboard not working,"Notes: 🔍 Diagnostics: Keyboard and system testing was performed. No faults were detected - the keyboard is working properly, all keys respond correctly. ✅ Result: The device is in working condition, the keyboard functions normally. Conclusion: 🔍 Diagnostics: Keyboard and system testing was performed. No faults were detected - the keyboard is working properly, all keys respond correctly. ✅ Result: The device is in working condition, the keyboard functions normally.",
IT-012340,Asus FX506LH,Cleaning,,"Cleaning, prevention of cooling system, replacement of thermoelements (lev V)"
IT-012333,AENO AVS0002,does not draw air,Conclusion: Replace with a new device,
IT-012395,Hp 15s-fq0002ua,matrix replacement,"Notes: 🔍 Work performed: 1️⃣ Diagnostics of the video system were carried out to exclude additional malfunctions. 2️⃣ The damaged matrix was dismantled. 3️⃣ A new compatible matrix with the appropriate characteristics was installed. 4️⃣ Image testing was carried out, backlight, brightness and color reproduction were checked. 📌 Result: The matrix was replaced, the image is reproduced correctly, the laptop is fully ready for further work. Conclusion: 🔍 Work performed: 1️⃣ Diagnostics of the video system were carried out to exclude additional malfunctions. 2️⃣ The damaged matrix was dismantled. 3️⃣ A new compatible matrix with the appropriate characteristics was installed. 4️⃣ Image testing was carried out, backlight, brightness and color reproduction were checked. 📌 Result: The matrix was replaced, the image is reproduced correctly, the laptop is fully ready for further work.",
IT-012329,AENO DB6,"does not turn on, submit for write-off",Conclusion: Replace with a new device,
IT-012334,Acer AN515-57,Prevention,,"Cleaning, preventive maintenance of the cooling system, replacement of phase transition thermocouples (factory) (lev VII)"
IT-012328,Samsung SM-M336B/DS,Replacing the module and bottom board,"Notes: 🛠 Diagnostic conclusion: During the inspection of the Samsung SM-M336B/DS mobile phone, mechanical damage to the display module and a malfunction of the lower system board (poor connector contact) were detected. 📋 Work performed: Replacing the display module with a new original one. Replacing the lower board (system module with connectors). Checking the device's operation - all functions are working correctly. ✅ Status: Ready for issue, the device's operation has been restored. Conclusion: 🛠 Diagnostic conclusion: During the inspection of the Samsung SM-M336B/DS mobile phone, mechanical damage to the display module and a malfunction of the lower system board (poor connector contact) were detected. 📋 Work performed: Replacing the display module with a new original one. Replacing the lower board (system module with connectors). Checking the device's operation - all functions are working correctly. ✅ Status: Ready for issue, the device's operation has been restored.","Replacement of the display (module) of a smartphone/tablet/navigator, Replacement of connectors (power, audio, USB) of a phone, tablet"
IT-012327,Acer Aspire VN7-793G,diagnostics - stripes on the screen from heating,"Notes: During the whole day of testing in different operating modes (heating, stress tests), the defect in the form of stripes on the screen did not appear. Additionally, preventive maintenance of the cooling system was performed: The system was cleaned of dust. The thermal paste was replaced (the old paste had stratified, secreted liquid, which worsened cooling). After replacing the thermal paste, the temperature of the processor and video card decreased, cooling became more stable. 📌 Recommendation: Further observation of the device. If the display problem appears again, repeated diagnostics are recommended with an emphasis on the video chip and the matrix and matrix cable. Conclusion: During the whole day of testing in different operating modes (heating, stress tests), the defect in the form of stripes on the screen did not appear. Additionally, preventive maintenance of the cooling system was performed: The system was cleaned of dust. The thermal paste was replaced (the old paste had stratified, secreted liquid, which worsened cooling). After replacing the thermal paste, the temperature of the processor and video card decreased, cooling became more stable. 📌 Recommendation: Further monitoring of the device. If the display problem appears again, repeated diagnostics are recommended with an emphasis on the video chip and the matrix and matrix cable.","Cleaning, prevention of cooling system, replacement of thermoelements (lev IV)"
IT-012325,Acer ANV15-51,The screen goes out after 10 minutes,"Notes: 🛠 Diagnostic conclusion: When testing the Acer ANV15-51 77DQ laptop (S/N: NHQQEAA00343004F037600), it was found that after approximately 10 minutes of operation, the device goes into sleep mode, and the screen goes dark. It was previously determined that the cause may be related to energy saving settings or incorrect operation of the power management system. 🔍 Recommendations: Check and adjust the power settings in the OS. If necessary, update the drivers. Conclusion: 🛠 Diagnostic conclusion: When testing the Acer ANV15-51 77DQ laptop (S/N: NHQQEAA00343004F037600), it was found that after approximately 10 minutes of operation, the device goes into sleep mode, and the screen goes dark. It has been previously determined that the cause may be related to power saving settings or incorrect operation of the power management system. 🔍 Recommendations: Check and adjust the power settings in the OS. If necessary, update the drivers.",OS settings
IT-012320,Lenovo Ideapad 1,diagnose word,Conclusion: 🔧 Work performed: - Updated the Windows operating system - Activated Windows from the key that was in the system - Activated Microsoft Office from the key that was in the system,"Windows Activation, Microsoft Office Activation"
IT-012314,Acer Nitro V15,display matrix,"Notes: 🔍 Symptoms of the malfunction: It was found that part of the screen backlight is not working, which leads to uneven display lighting. 🔧 Solution: Within the framework of warranty service, a decision was made to continue the repair with the replacement of the matrix (display module).",
IT-012315,AENO DB6,does not turn on,"Notes: 📄 Conclusion based on the diagnostic results Device: AENO DB6 toothbrush Reason for the request: Not working / malfunction 🔍 Diagnostic result: Damage to the board due to liquid ingress was detected (oxidation of the contacts and elements of the board is present). Such damage is incompatible with repair. ❌ In this regard, warranty service is denied, and the device itself is recognized as unrepairable. 📸 Details of the damage are given in the attached photo. Conclusion: 📄 Conclusion based on the diagnostic results Device: AENO DB6 toothbrush Reason for the request: Not working / malfunction 🔍 Diagnostic result: Damage to the board due to liquid ingress was detected (oxidation of the contacts and elements of the board is present). Such damage is incompatible with repair. ❌ In this regard, warranty service is denied, and the device itself is recognized as unrepairable. 📸 Details of the damage are given in the attached photo.",
IT-012317,Agilysys gray,windows,Conclusion: 🔧 Work performed: Restoring the Windows operating system (64-bit version) Installing the necessary system libraries and components for full operation of the OS ✅ Status after service: The operating system is installed and configured. The device is working stably.,Windows/MacOS/Linux OS recovery and more.
IT-012311,Redmi 22126RN91Y,Module,,Replacing a modular keyboard with complete disassembly of the device
IT-012310,Asus X54C,"You will need to install Win 10/11 Basic antivirus MS Office I will deliver all other programs. But the important thing is that all documents on drive C should remain in their folders as they are now. There are 87 GB there and I have nowhere to dump them now. Maybe you will have somewhere to back them up and then restore them. It would also be cool if the history, passwords, etc. from Chrome remained",,"Windows / MacOS / Linux OS recovery, etc., Microsoft Office activation, Pre-installation data transfer 20-100Gb"
IT-012301,Lenovo L340-17IRH,Clean + lubricate the cooler,Conclusion: The cooler needs to be replaced.,"Cleaning, preventive maintenance of the cooling system, replacement of thermoelements (lev III)"
IT-012387,Dell Latitude 3410,Prevention + cooler does not spin,"Notes: 🔍 Diagnostics and work performed: Preventive maintenance of the laptop was carried out (cleaning from dust, checking the cooling system). The cooler was restored. The phase element was replaced with a new one. The cooling system was checked after repair. ✅ Result: the cooler is working properly, the cooling system is functioning normally, the laptop is ready for further operation. Conclusion: 🔍 Diagnostics and work performed: Preventive maintenance of the laptop was carried out (cleaning from dust, checking the cooling system). The cooler was restored. The phase element was replaced with a new one. The cooling system was checked after repair. ✅ Result: the cooler is working properly, the cooling system is functioning normally, the laptop is ready for further operation.",
IT-012385,AENO AVS0002,does not pull,Conclusion: Replace with a new device,
IT-012298,AENO RC2S,"1. When starting work, it starts to bump into the wall every 10 cm, it is pulled to the right. 2. It often stops for a few seconds at the bottom 3. It cannot reach the base: when returning to it, it drives closer, then slowly gets even closer, then it jerkily drives into the base, making an arc turn to the right, drives further and starts looking for the base again, completely loses its location and starts driving, searching, knocking against the walls every 10 cm, then the cycle repeats","Notes: 🧾 Diagnostics and service result: After conducting an initial inspection and confirming the warranty case, a decision was made to completely replace the device with a new one in accordance with the manufacturer's warranty service terms. ✅ Status: The client was provided with a new AENO RC2S robot vacuum cleaner. Conclusion: 🧾 Diagnostics and service result: After conducting an initial inspection and confirming the warranty case, a decision was made to completely replace the device with a new one in accordance with the manufacturer's warranty service terms. ✅ Status: The client was provided with a new AENO RC2S robot vacuum cleaner.",
IT-012302,Hp 16-af0018ua,oh,,Windows and software recovery
IT-012284,Samsung Galaxy A32,Module replacement,Conclusion: The processor is out of order. 📌 Repair is impossible - the phone is beyond repair.,Fault diagnosis with complete disassembly of the device
IT-012294,Asus G712L,Cleaning,,"Cleaning, prevention of the cooling system, replacement of liquid metal and thermal interfaces (lev III), Replacement / installation / addition of SSD, HDD, RAM (random access memory), DVD, etc. with complete disassembly of the device"
IT-012292,POCO C75,Module replacement,,"Replacing the matrix (display, screen) with complete disassembly of the device"
IT-012309,Acer AN515-57,Cleaning,,"Cleaning, prevention of cooling system, replacement of thermoelements (lev IV)"
IT-012282,Apple MacBook Air,Cleaning,,"Cleaning, preventive maintenance of the cooling system, replacement of phase transition thermocouples (factory) (lev VII)"
IT-012281,Samsung A336B,does not turn on,Notes: The problem is detected at the processor power level or the processor itself. 🔧 Repair is not feasible - the motherboard is faulty. Conclusion: The problem is detected at the processor power level or the processor itself. 🔧 Repair is not feasible - the motherboard is faulty.,
IT-012279,Asus M570DD,Cleaning,,"Cleaning, prevention of cooling system, replacement of thermoelements (lev IV)"
IT-012277,AENO sc3,Shutting down,"Conclusion: Warranty obligations have not been violated, the device is subject to warranty repair. The stated malfunction — the battery does not hold a charge — has been confirmed. The client refused warranty repair, no work was carried out on the second one.",
IT-012272,HP 15s,Cleaning + PDF to Word Converters,,
IT-012269,Microsoft 1807,does not turn on,"Notes: 📄 Conclusion based on diagnostic results 🖥️ Device: Microsoft Surface Laptop (model 1807) 🔧 Problem: The device does not turn on 🔍 Diagnostic details: The device's behavior indicates a possible malfunction of the central processing unit (CPU), in particular the HUB component in the CPU. The main suspicion is overheating, which could have caused the CPU to fail. The cooling system was reassembled, after which the device turned on several times, but then stopped working again. The behavior remained unchanged: the USB ports are de-energized after an attempt to turn on, which may also indicate problems with the power supply or controller in the processor. ❗ Conclusion: The processor or the board containing the HUB has critical hardware damage, the device requires a deep repair with possible replacement of the motherboard / CPU, which in this type of device is technically difficult or economically impractical. Conclusion: 📄 Conclusion based on diagnostic results 🖥️ Device: Microsoft Surface Laptop (model 1807) 🔧 Problem: The device does not turn on 🔍 Diagnostic details: The device's behavior indicates a possible malfunction of the central processing unit (CPU), in particular the HUB component in the CPU. The main suspicion is overheating, which could have caused the CPU to fail. The cooling system was reassembled, after which the device turned on several times, but then stopped working again. The behavior remained unchanged: the USB ports are de-energized after an attempt to turn on, which may also indicate problems with the power supply or controller in the processor. ❗ Conclusion: The processor or the board containing the HUB has critical hardware damage, the device requires a deep repair with possible replacement of the motherboard / CPU, which in this type of device is technically difficult or economically impractical.",Fault diagnosis with complete disassembly of the device
IT-012276,Lenovo IdeaPad Slim 3,OS + RAM,,
IT-012267,Acer A515-44G,Cleaning,,"Cleaning, preventive maintenance of the cooling system, replacement of phase transition thermocouples (factory) (lev VII)"
IT-012266,Lenovo Ideapad Gaming 3,"Keys stick, cleaning,",,"Windows OS recovery with software package + Cleaning, laptop prevention with replacement of thermal pads, keyboard cleaning from sticky liquids and dirt (with full disassembly)"
IT-012264,Redmi 23053RN02Y,Module replacement,,Replacing the display (module) of a smartphone/tablet/navigator
IT-012263,Msi Black,wasp,,Windows and software recovery
IT-012261,Asus G531GT,Cleaning + hinges,,"Cleaning, prevention of the cooling system, replacement of thermoelements (lev IV), Replacement, restoration, repair of laptop hinges"
IT-012254,Acer A315-24P,Matrix replacement + hinge restoration,,"Replacement, restoration, repair of laptop hinges"
IT-012259,Acer PH315-52,Cleaning + OS + camera not working,"Conclusion: After conducting diagnostics, it was found that the camera is not detected by the system and does not work. The probable cause is a malfunction of the matrix cable or the camera itself. For accurate verification and repair, it is necessary to replace one of these components. ⚠️ At the moment, spare parts (SP) are not available.","Windows OS recovery with software package + Cleaning, laptop prevention with replacement of thermal pads"
IT-012253,Nintendo New 3DS XL,the button is stuck,,
IT-012252,Asus UM5302T,Cleaning,,"Cleaning, preventive maintenance of the cooling system, replacement of phase transition thermocouples (factory) (lev VII)"
IT-012251,Golden Field Black,Does not turn on,,Windows/MacOS/Linux OS recovery and more.
IT-012245,Asus(mb) Black,"Clean + OS restore, be sure to save data. + AutoCAD",,"Cleaning, prevention of the cooling system, replacement of thermoelements (lev IV), Installation, replacement of the video card of the device with complete disassembly"
IT-012249,AeroCOOL Black,does not turn on,,"Urgent diagnostics of device malfunction, Windows and software recovery, Data recovery from one HDD to another HDD"
IT-012238,Acer AN517-57,Cleaning,,"Cleaning, preventive maintenance of the cooling system, replacement of phase transition thermocouples (factory) (lev VII)"
IT-012280,AENO sc3,"At 3 speeds it turns off after 15 seconds, but not completely","Notes: 🤖 Diagnostic result of the AENO SC3 robot vacuum cleaner The device turned off due to engine overheating. The reason is a clogged dust collector and lack of regular cleaning of the cooling system. 📌 We recommend periodically cleaning the internal filters and ventilation ducts to avoid similar problems in the future. ✅ At this point, cleaned and tested - working properly. Conclusion: 🤖 Diagnostic result of the AENO SC3 robot vacuum cleaner The device turned off due to engine overheating. The reason is a clogged dust collector and lack of regular cleaning of the cooling system. 📌 We recommend periodically cleaning the internal filters and ventilation ducts to avoid similar problems in the future. ✅ At this point, cleaned and tested - working properly.",
IT-012295,Xiaomi Redmi Note 8,Module replacement,,Replacing the display (module) of a smartphone/tablet/navigator
IT-012255,Lenovo Ideapad Gaming 3,Gives a blue screen,"Notes: 🔧 Your laptop is being diagnosed Good day! Your laptop has detected deeper problems that are not only related to software or replaceable modular components. There is a suspicion of a malfunction of the processor or HUB chip (chipset), which requires a more detailed inspection. 🕒 Additional time is needed to fully diagnose and confirm the malfunction. Thank you for your understanding! We will keep you updated and inform you as soon as we have an accurate conclusion. Conclusion: 🔧 Diagnostic result Device: Lenovo IdeaPad Gaming 3 16ARH7 laptop Customer complaint: Appearance of a ""blue screen"" (BSOD) during system operation Work performed: The engineer performed a full hardware diagnostics of the device: – The operation of the RAM and SSD drive was checked by replacing them with known-good modules – The diagnostics were performed without connecting auxiliary boards and modular components – The system was found to be unstable, with a high probability due to a malfunction of the central processor Preliminary conclusion: The device's behavior indicates a potential malfunction of the processor (AMD Ryzen), which is typical for this series. Less commonly, similar symptoms are caused by a malfunction of the video card. To finally confirm the malfunction, the processor must be replaced, however: – On this model, the processor is soldered to a BGA compound – Lenovo additionally uses a black compound that penetrates between the solder layers, which significantly complicates dismantling – At the time of diagnosis, the necessary spare parts are not available Recommendation: For the purpose of effective and safe repair, it is recommended to replace the motherboard assembly. Additionally found: An internal inspection showed significant contamination of the cooling system (fans and radiators) with dust and lint, which could lead to overheating and, as a result, processor failure.",Fault diagnosis with complete disassembly of the device
IT-012240,HP EliteBook x360,Cooling Replacement,,"Cleaning, prevention of cooling system, replacement of thermoelements (lev IV)"
IT-012226,Xiaomi 2203129G,Not charging,,
IT-012232,Dell Inspiron 5501/5508,windows,,Windows and software recovery
IT-012221,Vinga Black,Does not turn on,,Windows and software recovery
IT-012212,Lenovo Thinkpad,"problem with the keyboard + with USB, if there is one, it freezes, then freezes.",,
IT-012220,Huawei Huawei P40 Lite,display replacement,,Replacing the display (module) of a smartphone/tablet/navigator
IT-012230,Nintendo New 3DS XL,case replacement,,Restoring the device with functional diagnostics
IT-012206,Asus X552M,to put in order,,Windows and software recovery
IT-012210,Huawei p30 lite,Module replacement,"Notes: Complete replacement of the display module (screen + sensor) to restore normal operation of the device. The work is performed with disassembly and final testing. Conclusion: ✅ Verdict: The display module replacement was successful. A new module (screen + sensor) + battery is installed, the device is fully assembled and tested. 📱 Recommendation: Avoid mechanical stress and use without a protective glass/case to prevent damage to the new display. If necessary, we can install a protective glass separately. 📩 The smartphone is ready for delivery",Replacing the display (module) of a smartphone/tablet/navigator
IT-012201,ROG MA02,does not print,,Battery replacement with complete disassembly of the device
IT-012198,Dell Inspiron 3721,SSD + OS is a must to save data.,,
IT-012219,Xiaomi Redmi Note 7,replacement of the lower panel display and glass,,Restoring the device with functional diagnostics
IT-012195,Acer E1-530G,Improve,"Conclusion: 🧾 Work performed and components installed: 💻 Windows OS recovery with software package Cleaning and preventive maintenance of the laptop with complete replacement of thermal interfaces 🛠 SSD replacement/installation with complete disassembly of the device (including installation of additional components) 💾 SSD drive installed 📦 Internal pocket installed ✅ All work completed, system tested, device ready for stable operation.","Windows OS recovery with software package + Cleaning, laptop prevention with replacement of thermal pads, Replacement / installation / addition of SSD, HDD, RAM (random access memory), DVD, etc. with complete disassembly of the device"
IT-012188,Asus S550CB,Improve,,"Cleaning, prevention of the cooling system, replacement of liquid metal and thermal interfaces (lev I), Replacement / installation / addition of SSD, HDD, RAM (random access memory), DVD, etc. with complete disassembly of the device"
IT-012204,Xiaomi Xiaomi 11 Lite 5G NE,Module,"Notes: 📱 Diagnostic result: The smartphone display module is damaged. 🔧 Display (module) replacement is required — includes the screen itself and the sensor (touchscreen), performed with the device disassembly. Conclusion: ✅ Verdict: Display module replacement was successful. A new module (screen + sensor) was installed, the device is fully assembled and tested. 📱 Recommendation: Avoid mechanical stress and use without a protective glass/case to prevent damage to the new display. If necessary, we can install a protective glass separately. 📩 The smartphone is ready for delivery",Replacing the display (module) of a smartphone/tablet/navigator
IT-012185,Hp 15s-eq2115nw,"The keyboard periodically sticks and stops working, I kept it in normal conditions",Conclusion: It has been determined that the central processing unit (CPU) is faulty and the problems are occurring as a result.,Fault diagnosis with complete disassembly of the device
IT-012180,Asus X541SA,OS is not installed,,
IT-012171,Google G8V0U,Module + glass,,Replacing the display (module) of a smartphone/tablet/navigator
IT-012194,Lenovo Legion Pro 7,Cleaning,"Notes: 🔧 Diagnostic result: It was found that a combination of thermal paste and liquid metal is currently used. It is recommended to replace with liquid metal + phase transition paste for stable operation. Traces of flooding were also found, requiring additional inspection and possible cleaning. Conclusion: 🔧 Completed: The cooling system was cleaned and preventively maintained, including replacement of liquid metal and phase transition thermal interfaces. ✅ The cooling system is completely updated and ready to operate under load. 📅 Recommendation: it is advisable to carry out the next preventive maintenance with repeated replacement of liquid metal in 1–1.5 years, depending on operating conditions.","Cleaning, prevention of the cooling system, replacement of liquid metal and thermal interfaces (lev II)"
IT-012187,Acer A715-76G,Cleaning,,"Cleaning, prevention of cooling system, replacement of thermoelements (lev IV)"
IT-012183,Acer A715-43G,Cleaning,,"Cleaning, preventive maintenance of the cooling system, replacement of phase transition thermocouples (factory) (lev VII)"
IT-012147,Dell E6530,Does not turn on,,CMOS (BIOS) recovery with complete disassembly of the device
IT-012146,HP 15s,the battery swelled,,Battery replacement with complete disassembly of the device
IT-012160,Xiaomi Redmi 9T,Glue the module),,Glue the module
IT-012154,Acer A514-54G,Cleaning,,"Cleaning, prevention of cooling system, replacement of thermoelements (lev IV)"
IT-012145,AENO RC2S,discharges quickly,"Notes: During the inspection of the AENO RC2S robot vacuum cleaner, it was found that the battery had lost capacity and did not provide the proper operating time of the device. 📋 Work performed: Battery replacement under warranty. A new original battery was installed, the device was tested in all modes - it is functioning properly. ✅ Status: Ready for delivery. Conclusion: During the inspection of the AENO RC2S robot vacuum cleaner, it was found that the battery had lost capacity and did not provide the proper operating time of the device. 📋 Work performed: Battery replacement under warranty. A new original battery was installed, the device was tested in all modes - it is functioning properly. ✅ Status: Ready for delivery.",
IT-012140,Asus X570UD,"Add RAM + SSD client, OS",,"Windows and software recovery, Replacement / installation / addition of SSD, HDD, RAM (random access memory), DVD, etc. with complete disassembly of the device"
IT-012139,Apple A2179,does not turn on,"Notes: 🔧 Diagnostic result (confirmed by another service center): It was determined that the central processor (CPU) failed. The diagnosis was confirmed by additional verification by an independent engineer. 💵 Solution: Due to the impossibility of restoring the device, a partial refund of UAH 400 is made for the previous repair. Conclusion: 🔧 Diagnostic result (confirmed by another service center): It was determined that the central processor (CPU) failed. The diagnosis was confirmed by additional verification by an independent engineer. 💵 Solution: Due to the impossibility of restoring the device, a partial refund of UAH 400 is made for the previous repair.",
IT-012138,Acer ANV15-51,Reset password,,"Firmware, CMOS (BIOS) reprogramming with microcircuit desoldering and device disassembly"
IT-012197,HP 16,Cleaning,,"Cleaning, preventive maintenance of the cooling system, replacement of phase transition thermocouples (factory) (lev VII)"
IT-012196,Dell Precision 5540,SSD replacement with full cloning,"Conclusion: 🔄 Windows and software recovery (full cloning) – 1,000 UAH 🛠 SSD replacement/installation with complete device disassembly – 300 UAH 💾 SSD installed 📁 Additionally expanded drive C: up to 300 GB for more comfortable system operation ✅ All components checked. The system is working stably.","Windows and software recovery, Replacement / installation / addition of SSD, HDD, RAM (random access memory), DVD, etc. with complete disassembly of the device"
IT-012174,Lenovo 110-15IBR,upgrade cleaning and os,,"Windows OS recovery with software package + Cleaning, laptop prevention with replacement of thermal pads"
IT-012127,Lenovo 15ACH6H,faulty video card,,"Comprehensive repair of the laptop motherboard with replacement of thermoelements, cleaning, prevention of the cooling system, replacement of thermoelements (lev IV)"
IT-012126,Redmi M2101K6G,"sensor does not work, after water",,"Device recovery after exposure to moisture, dirt, and other foreign particles"
IT-012155,HP 255,Improve + OS,,"Replacement / installation / addition of SSD, HDD, RAM (random access memory), DVD, etc. with complete disassembly of the device, Windows OS recovery with software package + Cleaning, laptop prevention with replacement of thermal pads"
IT-012168,Apple A2485,Cleaning,,"Cleaning, preventive maintenance of the cooling system, replacement of phase transition thermocouples (factory) (lev VII)"
IT-012125,Samsung A20s,does not turn on,,
IT-012124,Apple A2779,"touchpad not working, order for replacement",,"Delivery by Nova Poshta at the courier company's rate, Replacement of the touchpad, other laptop cursor control devices"
IT-012116,ps4,connector replacement,,"Restoration, replacement of power connector, audio, connectors, USB, video (laptop, PC, tablet laptop, etc.)"
IT-012129,HP DV7,"doesn't see the loading, they did it for us",,Windows and software recovery
IT-012144,Asus FX516PC,"cleaning, replacing thermal paste",,"Cleaning, cooling system maintenance, replacement of phase transition thermocouples (factory) (lev VII), Replacement / installation / addition of SSD, HDD, RAM (random access memory), DVD, etc. WITHOUT complete disassembly of the device"
IT-012119,Dell Inspiron 15,SSD + cleaning,,"Cleaning, cooling system maintenance, replacement of phase transition thermocouples (factory) (lev VII), Replacement / installation / addition of SSD, HDD, RAM (random access memory), DVD, etc. WITHOUT complete disassembly of the device"
IT-012143,Lenovo E14,keyboard problem,,
IT-012106,Samsung GALAXY J6+ SM-J610FN/DS,Flooded,,
IT-012102,Dell Precision 5520,does not turn on,,
IT-012108,Hp Pavilion 15,windows,,Windows and software recovery
IT-012131,Acer AN515-45,Cleaning,,"Cleaning, prevention of the cooling system, replacement of liquid metal and thermal interfaces (lev II)"
IT-012098,AENO ARC0002S,throws an error,,
IT-012107,Hp Pavilion 15,windows,,Windows and software recovery
IT-012091,Acer AN515-44,Cleaning,,"Cleaning, preventive maintenance of the cooling system, replacement of phase transition thermocouples (factory) (lev VII)"
IT-012170,Acer A515-56G,Cleaning + wasp,,"Windows OS recovery with software package + Cleaning, laptop prevention with replacement of thermal pads"
IT-012090,Dell Inspiron 15 5000,"Restore OS, clean + install Corel",,"Windows OS recovery with software package + Cleaning, laptop prevention with replacement of thermal pads"
IT-012087,Lenovo Legion 5 Pro,Cleaning top,,"Cleaning, preventive maintenance of the cooling system, replacement of phase transition thermocouples (factory) (lev VII)"
IT-012113,Apple A2779,"flooded with broth, keys washed and touchpad not working",,"Urgent diagnostics of device malfunction, Device restoration after moisture, dirt and other foreign particles, Cleaning, cooling system prevention, replacement of phase transition thermocouples (factory) (lev VII)"
IT-012137,Dream Machines M870NK,Add SSD,,Windows and software recovery
IT-012120,Black Black,OS,,Windows and software recovery
IT-012080,Asus FX507VV,Cleaning,,"Cleaning, preventive maintenance of the cooling system, replacement of phase transition thermocouples (factory) (lev VII)"
IT-012078,1stPlayer Black,Cleaning,,"Cleaning, preventive maintenance of the cooling system, replacement of thermoelements (lev III)"
IT-012103,Apple A2179,does not turn on,,"Reassembly with disassembly of the device with reconnection of all components (modules, cables, etc.)"
IT-012079,Acer A517-51g,Matrix replacement + improve,,"Windows OS recovery with software package + Cleaning, laptop prevention with replacement of thermal pads"
IT-012064,Apple A2141,Does not turn on,,
IT-012067,Lenovo ThinkPad L14,Prevention,,"Cleaning, preventive maintenance of the cooling system, replacement of phase transition thermocouples (factory) (lev VII)"
IT-012109,Lenovo Ideapad Gaming 3,prevention,,
IT-012099,Dell G3 15,Battery + prevention,,
IT-012092,Xiaomi 21081111RG,restore everything,,
IT-012088,Iiyama T2754MSC,"Problem with the screen, the sensor was not checked",Conclusion: Deed of Deletion,
IT-012085,Asus G513IC,Cleaning and replacing liquid metal,,
IT-012077,Tenda AC2100,Reset or flash,,
IT-012063,Redmi 23053RN02Y,display diagnostics and replacement,"Conclusion: without repair, the percentage ""died"" from overheating",
IT-012062,Lenovo ideapad Y700,"install davinci resolve, cinema 4d, ocatane render",,
IT-012061,Acer AN515-44,merge + apps + speakers,,
IT-012060,Acer ANV15-41,Does not work without a charger,,
IT-012059,AENO RC2S,Sometimes he doesn't see the dust collector,Conclusion: it is advisable to replace the dust collectors,
IT-012057,Dell E7270,Cleaning,,
IT-012038,MSI Katana GF66,"cleaning, replacing thermal paste",,
IT-012018,DeepCool solid black,windows,,"Windows and software recovery, device recovery with functionality diagnostics"
IT-012007,Black Black,Improve,,"Windows OS recovery with software package + Cleaning, laptop prevention with replacement of thermal pads"
IT-012033,Dell Latitude 3500,Connector recovery,,
IT-012014,Asus R513M,"Cleaning, OS update + if possible speed up",,"Windows OS recovery with software package + Cleaning, laptop prevention with replacement of thermal pads"
IT-012013,Acer A315-53,"The matrix screen turns white, we replaced it in April",,
IT-012004,Samsung T510,Module overlay,,Replacing the display (module) of a smartphone/tablet/navigator
IT-012003,Acer AN515-54,Cleaning,,"Cleaning, preventive maintenance of the cooling system, replacement of phase transition thermocouples (factory) (lev VII)"
IT-012027,HP 15,Improve,,
IT-012002,Lenovo 15,"When working with the battery, the screen goes out + cleaning",,"Windows OS recovery with software package + Cleaning, laptop prevention with replacement of thermal pads"
IT-011999,Acer A515-57,Not charging,Conclusion: ✅ Done! The motherboard has been replaced.,
IT-011996,Acer AN515-55,"Laptop prevention + speakers not working + After 10 minutes of load, the integrated load increases to 100.",,"Cleaning, prevention of cooling system, replacement of thermoelements (lev V)"
IT-011998,Xiaomi RedmiBook 14,"Flooded, diagnostics + cleaning",,"Cleaning, preventive maintenance of the cooling system, replacement of phase transition thermocouples (factory) (lev VII)"
IT-011990,Lenovo L460,Keyboard and power button replacement,,"Replacement of modular keyboard with complete disassembly of the device, Cleaning, prevention of cooling system, replacement of thermoelements (lev IV), Repair of power button"
IT-012010,Xiaomi Xiaomi 11 Lite 5G NE,Doesn't turn on after 5 days of use + the cover came off,,
IT-012012,Hp Victus 15,Prevention,,"Cleaning, preventive maintenance of the cooling system, replacement of phase transition thermocouples (factory) (lev VII)"
IT-011988,Motorola XT2129-2,Does not turn on,Conclusion: CPU in a nutshell,Fault diagnosis with complete disassembly of the device
IT-012001,Lenovo Yoga 7,Cleaning,,"Cleaning, preventive maintenance of the cooling system, replacement of phase transition thermocouples (factory) (lev VII)"
IT-011995,Apple 13 mini,back cover replacement,,Restoring the device with functional diagnostics
IT-011971,HP 15,The OS will not be updated if reinstallation fails.,,Windows and software recovery
IT-011977,Acer AN517-41,Cleaning,,"Cleaning, prevention of cooling system, replacement of thermoelements (lev V)"
IT-011984,Lenovo ThinkBook 15,keyboard replacement,,Replacing the keyboard without completely disassembling the device
IT-011985,Huawei p30 pro,display and cover replacement,,Replacing the display (module) of a smartphone/tablet/navigator
IT-011982,RAZR black-usb,not working,,Restoring the device with functional diagnostics
IT-011980,Dell S2425H,Doesn't show half of the image,"Notes: 🖥 Diagnostic result Dell S2425H monitor was found to be faulty. After diagnostics, the device was replaced with a new one. Conclusion: 🖥 Diagnostic result Dell S2425H monitor was found to be faulty. After diagnostics, the device was replaced with a new one.",
IT-011966,Meizu M5 Note,Unblock,"Conclusion: 🔧 Diagnostic result: The Recovery system is damaged, and the Preloader file is missing, which makes it impossible to flash the device's standard firmware. Without the original preloader file, recovery is impossible. ⚠️ Editing the binary or using compatible preloader files is not performed, as this may permanently damage the device. 📌 Required: provide the original firmware or preloader file for this device model for further recovery.",
IT-012009,ASUSTek ASUS Zenfone 3 Ultra ZU680KL,Does not turn on,,"Working with device software (Firmware, update, unlocking)"
IT-011987,Sony NW-WS413,solder the speaker,"Notes: During diagnostics, it was found that the speaker has a short circuit, repair is impractical - it is recommended to dispose of the device. Conclusion: During diagnostics, it was found that the speaker has a short circuit, repair is impractical - it is recommended to dispose of the device.",
IT-011986,Redmi Note 13,display replacement,,Replacing the display (module) of a smartphone/tablet/navigator
IT-011963,Asus X540UB,Cleaning + OS,,"Windows OS recovery with software package + Cleaning, laptop prevention with replacement of thermal pads"
IT-011944,Apple 12 pro,battery replacement,,Battery replacement in electric vehicles with complete disassembly of the device
IT-011956,Hp Victus 16,"Clean the keyboard, some of the buttons + When playing and under load, when it heats up, the sound disappears, when you reconnect the headphones, the program starts to crash and the memory on the disk disappears",,"Cleaning, preventive maintenance of the cooling system, replacement of phase transition thermocouples (factory) (lev VII)"
IT-011950,Acer Nitro 5,"cleaning, replacing thermal paste",,"Cleaning, preventive maintenance of the cooling system, replacement of phase transition thermocouples (factory) (lev VII)"
IT-011931,HP 15s,Poured cream soup,,"Cleaning, prevention of cooling system, replacement of thermoelements (lev V)"
IT-011934,Acer AN515-58,Cleaning,,"Cleaning, preventive maintenance of the cooling system, replacement of phase transition thermocouples (factory) (lev VII)"
IT-011937,HP 15s,Poured cream soup,,"Replacement of modular keyboard with complete disassembly of the device, Keyboard for HP laptop (250 G6, 255 G6 series) rus, silver, without frame"
IT-011936,HP ProBook 445R,OS,,
IT-011927,Dell Latitude 5521,"Keyboard replacement, cleaning",,
IT-011929,Zte Blade A55,Display,,Replacing the display (module) of a smartphone/tablet/navigator
IT-011928,Acer AN515-45,Cleaning,,"Cleaning, preventive maintenance of the cooling system, replacement of phase transition thermocouples (factory) (lev VII)"
IT-011922,Asus Q408UG,Several keys are not working,,Replacing a modular keyboard with complete disassembly of the device
IT-011912,Wireless IP Camera Swizoo G9,connector replacement,,"Replacement of connectors (power, audio, USB) of a phone, tablet"
IT-011939,Hp Victus 15,"Laptop prevention,",,"Cleaning, prevention of cooling system, replacement of phase transition thermocouples (factory) (lev VII), Windows and software recovery"
IT-011938,Google Pixel 4a 5G,Module replacement,,Replacing the display (module) of a smartphone/tablet/navigator
IT-011919,Acer A515-45,Matrix replacement + cleaning,,"Replacement of the matrix (display, screen) with complete disassembly of the device, cleaning, prevention of the cooling system, replacement of thermoelements (lev IV)"
IT-011901,HP ProBook 450,Cleaning + wasp,,
IT-011900,MSI MS-16J9,Cleaning + OS + Archicad,,"Cleaning, preventive maintenance of the cooling system, replacement of liquid metal and thermal interfaces (lev I), Installation of programs for image processing, graphics (for 1 pc.)"
IT-011905,Samsung NP755XDA,flooded,,
IT-011918,Samsung SM-A145F/DSN,Not working,,
IT-011898,Apple A1708,Battery replacement,,"Battery replacement, battery with complete disassembly of the device, cleaning, cooling system maintenance, replacement of thermocouples with phase transition (factory) (lev VII)"
IT-011896,Asus K513E,Cleaning,,"Cleaning, prevention of cooling system, replacement of thermoelements (lev IV)"
IT-011883,Xiaomi Xiaomi 11 Lite 5G NE,Does not turn on,,"Device recovery after moisture, dirt and other foreign particles, Xiaomi Mi 11 Lite inter-board cable"
IT-011882,Apple A1286,Install the latest software,,Windows/MacOS/Linux OS recovery and more.
IT-011887,Motorola XT2333-3,Module replacement,,Replacing the display (module) of a smartphone/tablet/navigator
IT-011908,Google Pixel 3A,"Module replacement, Module replacement",,
IT-011892,Xiaomi 23021RAA2Y,Display replacement,,"Replacing the matrix (display, screen) with complete disassembly of the device"
IT-011925,Lenovo Ideapad 3,cleaning,,"Cleaning, preventive maintenance of the cooling system, replacement of thermoelements (lev III)"
IT-011880,Asus H7606W,Add a 2TB SSD,,
IT-011897,Asus R570UD,Matrix replacement + Cleaning,,"Replacement of the matrix (display, screen) with complete disassembly of the device, cleaning, prevention of the cooling system, replacement of thermoelements (lev IV)"
IT-011904,Lenovo TB310XU,Replacing the bottom board,,"Restoration, replacement of power connector, audio, connectors, USB, video (laptop, PC, tablet laptop, etc.)"
IT-011868,Acer AN517-54,"Cleaning + turns on only when you long press the power button (30-40 seconds) + press the button again, this problem should be fixed.",,"Cleaning, prevention of the cooling system, replacement of thermoelements (lev IV), CMOS (BIOS) recovery with complete disassembly of the device"
IT-011865,Lenovo 10,Does not turn on,,
IT-011877,Asus FX505DT,Matrix replacement,,"Replacement of the matrix (display, screen) with complete disassembly of the device, cleaning, prevention of the cooling system, replacement of thermoelements (lev IV)"
IT-011863,Acer SF314-41,Keyboard not working,,
IT-011875,Dell XFS,does not turn on,,Fault diagnosis with complete disassembly of the device
IT-011857,Acer aopen,spot,,
IT-011864,Asus G713QE,"Ordering a cooler, laptop from a client",,"Installation, replacement of cooling (radiator, cooler) of the device"
IT-011845,HP 17,Laptop prevention,,"Cleaning, prevention of cooling system, replacement of thermoelements (lev V)"
IT-011852,Pocketbook PB616,The power button does not work.,,"Restoration, replacement of power connector, audio, connectors, USB, video (laptop, PC, tablet laptop, etc.)"
IT-011849,Acer AN517-55,Matrix replacement + prevention,,"Cleaning, prevention of the cooling system, replacement of thermoelements (lev V), Replacement of the matrix (display, screen) with complete disassembly of the device"
IT-011835,Samsung SM-A045F/DS,Connector replacement,,"Restoration, replacement of power connector, audio, connectors, USB, video (laptop, PC, tablet laptop, etc.)"
IT-011825,Apple A1990,Cleaning,,"Cleaning, preventive maintenance of the cooling system, replacement of phase transition thermocouples (factory) (lev VII)"
IT-011853,Chuwi CWI530,turns off under load,,
IT-011869,Xiaomi M2006C3MNG,Swollen battery,,Restoring the device with functional diagnostics
IT-011861,Oppo A53 4G,Module replacement,,Replacing the display (module) of a smartphone/tablet/navigator
IT-011821,Zte Z2352,display replacement,,Replacing the display (module) of a smartphone/tablet/navigator
IT-011819,Asus X515EA,Cleaning + OS,,"Windows OS recovery with software package + Cleaning, laptop prevention with replacement of thermal pads"
IT-011816,OPPO CPH2579,Module replacement,,Replacing the display (module) of a smartphone/tablet/navigator
IT-011805,OnePlus Nord,dispatcher,,Replacing the display (module) of a smartphone/tablet/navigator
IT-011812,Asus FX506HC,"Install, reinstall Lumion 12.05, Photoshop",,
IT-011837,Asus X543MA,The OS does not load.,,Windows and software recovery
IT-011801,Samsung Galaxy A51,Volume button replacement,,Restoring the device with functional diagnostics
IT-011834,Samsung SM-A336B/DSN,Does not turn on,,"Restoration, replacement of power connector, audio, connectors, USB, video (laptop, PC, tablet laptop, etc.)"
IT-011811,Acer A315-56,Cleaning,,"Cleaning, prevention of cooling system, replacement of thermoelements (lev IV)"
IT-011808,Acer ES1-512,upgrade,,"Windows OS recovery with software package + Cleaning, laptop prevention with replacement of thermal pads"
IT-011797,Chuwi HiPad X,Does not turn on,"Conclusion: no repair, either the problem is in the video core or with the display, there are no RF signals.",
IT-011798,Dell Latitude 3550,Does not turn on,,
IT-011788,DETAIK DTK-AIO151,Does not turn on,,
IT-011818,Asus X571LH,Matrix replacement,,"Replacing the matrix (display, screen) with complete disassembly of the device"
IT-011823,Google Pixel 7 PRO,Display replacement,,Replacing the display (module) of a smartphone/tablet/navigator
IT-011796,Kodlix GK45,Doesn't load beyond the logo,Conclusion: NO BIOS,Fault diagnosis with complete disassembly of the device
IT-011786,Microsoft 1516,Install normal 10 or Linux,,
IT-011789,Samsung SM-T580,Does not turn on,,
IT-011785,Xiaomi 11T,Not charging,,
IT-011774,Xiaomi Redmi 10,frp,,Fault diagnosis with complete disassembly of the device
IT-011779,Lenovo 530s-14ikb,SSD+ cleaning+OS,,"Windows OS recovery with software package + Cleaning, laptop prevention with replacement of thermal pads"
IT-011771,Acer A715-76G,blue screen pops up,,Resetting the BIOS password
IT-011765,GenMachine No Case,Does not turn on,"Conclusion: RAM and SSD are working, BIOS flash drive is working, all power is present. Processor does not start, processor replacement.",Urgent diagnostics of device malfunction
IT-011768,Samsung A145F,flooded,,Fault diagnosis with complete disassembly of the device
IT-011739,HP EliteBook 840,cleaning + wasp,,"Windows OS recovery with software package + Cleaning, laptop prevention with replacement of thermal pads"
IT-011738,HP EliteBook 840,cleaning + wasp,,"Windows OS recovery with software package + Cleaning, laptop prevention with replacement of thermal pads"
IT-011735,HP EliteBook 840,cleaning + wasp,,
IT-011733,HP EliteBook 840,cleaning + wasp,,"Windows OS recovery with software package + Cleaning, laptop prevention with replacement of thermal pads"
IT-011732,RedDragon 12400dpi,cable replacement,,Restoring the device with functional diagnostics
IT-011730,Jbl china Black,Not charging,,"Battery replacement, battery with complete disassembly of the device, Replacement of connectors (power, audio, USB) of the phone, tablet"
IT-011782,Acer A315-55G,Cleaning,,"Cleaning, prevention of cooling system, replacement of thermoelements (lev IV)"
IT-011726,Dell Precision 7780,Gives a blue screen,,
IT-011725,Asus X571GT,Keyboard replacement,Conclusion: Pros that only the replacement of the top case is necessary. 3900 UAH. including delivery and replacement.,Replacing a modular keyboard with complete disassembly of the device
IT-011743,HP EliteBook 840,cleaning + wasp,,"Windows OS recovery with software package + Cleaning, laptop prevention with replacement of thermal pads"
IT-011717,Apple A1990,Flooded,,Fault diagnosis with complete disassembly of the device
IT-011713,Sony WH-CH520,glue,,Restoring the device with functional diagnostics
IT-011710,Acer A315-59,OS,,Windows and software recovery
IT-011770,Pocketbook 623,to stitch,,
IT-011737,HP EliteBook 840,cleaning + wasp,,"Windows OS recovery with software package + Cleaning, laptop prevention with replacement of thermal pads"
IT-011709,Asus FX506HE,Cooler prevention and replacement,,"Cleaning, preventive maintenance of the cooling system, replacement of phase transition thermocouples (factory) (lev VII), Installation, replacement of the cooling (radiator, cooler) of the device"
IT-011708,Samsung SM-A515F/N,Hearing aid,,Restoring the device with functional diagnostics
IT-011734,HP EliteBook 840,cleaning + wasp,,"Windows OS recovery with software package + Cleaning, laptop prevention with replacement of thermal pads, HP CS03XL laptop battery"
IT-011701,Acer AN517-57,Prevention,,"Cleaning, prevention of cooling system, replacement of thermoelements (lev IV)"
IT-011700,Acer AN17-41,Prevention,,"Cleaning, prevention of the cooling system, replacement of liquid metal and thermal interfaces (lev III)"
IT-011703,Zonerich ZQ-T8356S,Gives a blue screen when turned on,,"Windows and software recovery, Replacement / installation / addition of SSD, HDD, RAM (random access memory), DVD, etc. with complete disassembly of the device"
IT-011699,Xiaomi Redmi Note 9S,Does not turn on,,Restoring the device with functional diagnostics
IT-011698,AENO RC2S,rides a bicycle,"Conclusion: AENO RC2S robot vacuum cleaner - after diagnostics, a warranty malfunction was detected, and therefore the device was replaced with a new one (S/N ARC20243301160) under warranty.",
IT-011742,HP EliteBook 840,cleaning + wasp,,"Windows OS recovery with software package + Cleaning, laptop prevention with replacement of thermal interfaces, Replacement of touchpad, other laptop cursor control devices"
IT-011754,Asus FX517ZE,OS recovery,,"Windows and software recovery, cleaning, cooling system maintenance, replacement of phase transition thermocouples (factory) (lev VII)"
IT-011697,Acer Switch 3,Windows,,Windows and software recovery
IT-011741,HP EliteBook 840,cleaning + wasp,,
IT-011740,HP EliteBook 840,cleaning + wasp,,
IT-011712,Hp Pavilion 15,OS,,
IT-011711,Hp Pavilion 15,OS,,
IT-011706,Lenovo TB-X6C6X,Connector replacement,,
IT-011704,Silicon Power 16gb,data recovery,,
IT-011692,HP 15,Install OS,,
IT-011689,HP 17,Improve,,
IT-011688,Lenovo Legion 5,"Cleaning, check drivers, no password",,
IT-011687,Lenovo A340,"Roofing Pro - restore the program, make a normal antivirus",,
IT-011685,Fujitsu 14,"The microphone is not working, most likely the codec",Conclusion: Missing MF,
IT-011683,Samsung SM-J510UN/DS,Shutting down,,
IT-011673,Blackview Tab 10,Connector replacement,,"Replacement of connectors (power, audio, USB) of a phone, tablet"
IT-011681,Apple A1466,Meet + cleaning,,
IT-011677,Asus FX506HC,"Cleaning, improve",,
IT-011653,Hp 240 g8,Does not turn on,Conclusion: Repair of the device is impossible (impracticable). The device's components and parts exceed half the cost of the device and are not suitable for further operation.,Fault diagnosis with complete disassembly of the device
IT-011667,Asus G513IH,RAM replacement cleaning,,"Replacement / installation / addition of SSD, HDD, RAM (random access memory), DVD, etc. with complete disassembly of the device, Cleaning, prevention of the cooling system, replacement of liquid metal and thermal interfaces (lev III)"
IT-011666,Xiaomi Air 13.3,Cleaning,Conclusion: The cooler is defective.,"Cleaning, prevention of cooling system, replacement of thermoelements (lev IV)"
IT-011648,Asus X571GT,Keyboard replacement,Conclusion: Pros that only the replacement of the top case is necessary. 3900 UAH. including delivery and replacement.,
IT-011652,Kindle J9G29R,remove the battery,"Conclusion: The problem is in the MP, NOT IN THE BATTERY, the device itself discharged the book by 17% overnight. Refund for the battery is 1000 UAH.",
IT-011643,Motorcycle Moto E32s,Module replacement,,"Replacing the matrix (display, screen) with complete disassembly of the device"
IT-011664,XIAOMI M2101K9AG,Battery replacement,,Battery replacement with complete disassembly of the device
IT-011676,Xiaomi Dreame,Not charging,,
IT-011638,Pritom L10,Not charging,,"Replacement of connectors (power, audio, USB) of a phone, tablet"
IT-011642,Nintendo New 3DS XL,Glass replacement,,Replacing the display (module) of a smartphone/tablet/navigator
IT-011637,IQ Black,Deliver software,,"Installing the Windows software package, Installing image processing and graphics programs (for 1 pc.), Activating the Windows OS"
IT-011627,Hp Pavilion 15,does not turn on,,Fault diagnosis with complete disassembly of the device
IT-011646,Lenovo Legion 5,Cleaning,,"Cleaning, preventive maintenance of the cooling system, replacement of phase transition thermocouples (factory) (lev VII)"
IT-011620,Kindle J9G29R,Replacing a normal battery,Conclusion: Increased by 2.5 times,Battery replacement with complete disassembly of the device
IT-011617,Asus X571GT,"Cleaning + make or replace with another ""W""",,"Cleaning, preventive maintenance of the cooling system, replacement of phase transition thermocouples (factory) (lev VII)"
IT-011657,HP ProBook 450,SSD replacement + Ubuntu installation + cleaning,,"Windows/MacOS/Linux OS recovery, etc., cooling system cleaning, prevention, thermoelement replacement (lev V)"
IT-011631,Samsung SM-A045F/DS,Re-glue the module,,Replacing the display (module) of a smartphone/tablet/navigator
IT-011647,Samsung SM-A047F/DSN,"Does not turn on, replace module",,Replacing the display (module) of a smartphone/tablet/navigator
IT-011650,Samsung Galaxy A52 4G,Not charging,,"Restoration, replacement of power connector, audio, connectors, USB, video (laptop, PC, tablet laptop, etc.)"
IT-011613,Asus FX506HC,cleaning,,"Cleaning, preventive maintenance of the cooling system, replacement of phase transition thermocouples (factory) (lev VII)"
IT-011651,Asus X556U,prevention,,"Cleaning, prevention of cooling system, replacement of thermoelements (lev V)"
IT-011626,Acer A515-57,cleaning,,"Cleaning, preventive maintenance of the cooling system, replacement of phase transition thermocouples (factory) (lev VII)"
IT-011614,Valve Steam deck oled,display replacement,,Restoring the device with functional diagnostics
IT-011606,Dell Inspiron 15,"ssd + os+ cleaning, replacing thermal paste",,"Windows OS recovery with software package + Cleaning, laptop prevention with replacement of thermal pads"
IT-011611,Lenovo IdeaPad Flex 5 14ITL05,keyboard cleaning and washing,,"Cleaning, prevention of the cooling system, replacement of thermoelements (lev IV), Cleaning, washing of the manipulator stick, joystick, gamepad"
IT-011604,Xiaomi M2001J2G,does not turn on,,
IT-011603,Asus M509DA,cleaning,,"Cleaning, prevention of cooling system, replacement of thermoelements (lev V)"
IT-011599,Seagate SRD0NF2,data recovery,,
IT-011598,HP 8570w,"look after home repairs, video card not working",Conclusion: board in short circuit,
IT-011597,Asus 1025C,"replace the rtc battery, check the network, and order a battery, it will work fine in chrome",,
IT-011595,Sony WI-C200,button replacement,,Fault diagnosis with complete disassembly of the device
IT-011591,Asus X515E,Artifacts on the screen,,"Cleaning, prevention of cooling system, replacement of thermoelements (lev V)"
IT-011586,Acer A715-42G,"Cleaning, touchpad is stuck, rinse and look at the touchpad",,"Cleaning, prevention of the cooling system, replacement of thermoelements (lev V), Restoration of the device with diagnostics of functionality"
IT-011585,Apple A1398,No image,,"Reassembly with disassembly of the device with reconnection of all components (modules, cables, etc.)"
IT-011584,Lenovo Gaming 3,"cleaning, replacing thermal paste, cleaning after pouring",,"Cleaning, prevention of the cooling system, replacement of thermoelements (lev V), Restoration of the device after ingress of moisture, dirt and other foreign particles"
IT-011583,Apple A2681,Works only on charge,"Conclusion: the battery is blocked, or there is a short or coffee got under the controller chip somewhere, there are no visible signs",Battery replacement with complete disassembly of the device
IT-011605,Sony YY2957,the right one is not working,,Restoring the device with functional diagnostics
IT-011572,Gigabyte chassis,wasp,,
IT-011576,Samsung Galaxy A20,Not charging,,
IT-011578,Acer VG240Y,"The output to the speakers is rumbling, minijack",Conclusion: Motherboard replaced,
IT-011570,Samsung Galaxy A05,Frp,,
IT-011565,Dell 5310,Makes noise,,"Installation, replacement of cooling (radiator, cooler) of the device, Cleaning, prevention of the cooling system, replacement of thermoelements (lev IV)"
IT-011562,green /,to solder,,
IT-011557,Acer A515-43,"Problems with sound, it starts to crackle after a while... it was flooded in the sound area",,
IT-011563,Samsung Sm-g965w,Replacing the bottom board,,Restoring the device with functional diagnostics
IT-011594,AENO sc3,Shutting down,Notes: Battery pack replaced,Replacing the battery pack of a robot vacuum cleaner
IT-011553,Acer ANV15-41,Add RAM,,"Replacement / installation / addition of SSD, HDD, RAM (random access memory), DVD, etc. with complete disassembly of the device"
IT-011546,realme cloudpro002,The cooler is noisy.,,"Ordering a cooler from China, cleaning, cooling system maintenance, replacing thermoelements (lev V)"
IT-011564,Hp 15-fc0107ua,Does not turn on,,
IT-011548,Dream Machines V170RND,Stripes as shown + cleaning,,"Replacement of the matrix (display, screen) with complete disassembly of the device, cleaning, prevention of the cooling system, replacement of thermocouples with phase transition (factory) (lev VII)"
IT-011545,Asus FX507Z,soaked in tea,,"Cleaning, prevention of the cooling system, replacement of phase transition thermocouples (factory) (lev VII), Restoration of the device after ingress of moisture, dirt and other foreign particles"
IT-011541,Dell Precision 7780,Stripe on the screen,,
IT-011540,Apple A2681,Flooded,,"Device restoration after moisture, dirt and other foreign particles get in, Delivery by Nova Poshta at the courier company's rate, Cleaning, cooling system prevention, replacement of phase transition thermocouples (factory) (lev VII)"
IT-011549,Samsung SM-A245F/DSN,charging connector,,
IT-011543,Redmi 9c,drowned in water,,"Device recovery after exposure to moisture, dirt, and other foreign particles"
IT-011538,Gigabyte chassis,wasp,,Windows and software recovery
IT-011534,HP 450 G8,Install Archicad 2024,,"Installation of programs for image processing, graphics (for 1 pc.)"
IT-011527,Acer AN515-57,Cleaning + looking at the cooler,,"Cleaning, preventive maintenance of the cooling system, replacement of phase transition thermocouples (factory) (lev VII)"
IT-011526,Acer A315-44P,Does not turn on,,
IT-011517,wester digital black-500,connector replacement,"Conclusion: the smart flash drive is broken, most likely they shorted it out when they broke the connector",Fault diagnosis with complete disassembly of the device
IT-011514,Acer Nitro 5,Cleaning + RAM,,"Cleaning, prevention of cooling system, replacement of thermoelements (lev IV)"
IT-011524,Acer AN515-58,"cleaning, replacing thermal paste",,"Cleaning, preventive maintenance of the cooling system, replacement of phase transition thermocouples (factory) (lev VII)"
IT-011536,HP 15s,Cleaning,,"Cleaning, prevention of cooling system, replacement of thermoelements (lev IV)"
IT-011520,Medion Black,On a piece of paper,,
IT-011519,Lenovo 500S-11IBY,"It won't turn on, it's been standing for a year",,
IT-011509,Lenovo m93z,blue screen,,
IT-011504,Samsung np-sf510,"axis, frame",,Windows/MacOS/Linux OS recovery and more.
IT-011500,Lenovo Z50-75,Does not turn on,Conclusion: It is best to replace the entire MP,Fault diagnosis with complete disassembly of the device
IT-011515,ASUSTek ASUS Zenfone 4 ZE554KL,Suddenly turned off. DO NOT FLASH,Conclusion: Burnout on the board,Fault diagnosis with complete disassembly of the device
IT-011487,HP ProBook 445R,"Cleaning, OS, SSD",,"Windows OS recovery with software package + Cleaning, laptop prevention with replacement of thermal interfaces, Replacement / installation / addition of SSD, HDD, RAM (random access memory), DVD, etc. with complete disassembly of the device, Installation of programs for image processing, graphics (for 1 pc.)"
IT-011488,Hp 240 g8,"cleaning, replacing thermal paste, setting up an office",,"Cleaning, prevention of the cooling system, replacement of thermoelements (lev II), Installation of Microsoft Office package"
IT-011508,Acer A315-34,OS SSD cleaning,,"Windows OS recovery with software package + Cleaning, laptop prevention with replacement of thermal pads"
IT-011476,Apple 12 mini,battery replacement,,Battery replacement with complete disassembly of the device
IT-011482,Blackview Tab 12,Not charging,,"Replacement of connectors (power, audio, USB) of a phone, tablet"
IT-011456,Logitech Pro x,The right earbud is not working.,Conclusion: no malfunction detected,
IT-011461,Asus FA506NF,"Disable all network, Wi-Fi, LAN, web, microphone","Conclusion: Disable Wi-Fi, camera, microphone",Restoring the device with functional diagnostics
IT-011462,HP 15,"Check, it seems like there is not enough RAM",,"Replacement / installation / addition of SSD, HDD, RAM (random access memory), DVD, etc. with complete disassembly of the device"
IT-011511,Dell Vostro 3500 15,charging connector replacement,,"Cleaning, prevention of the cooling system, replacement of thermoelements (lev IV), Replacement of the video connector, LVDS, etc. on the device's motherboard"
IT-011432,Asus K6500Z,OS with data retention,,"Windows and software recovery, information recovery from physically damaged media"
IT-011448,Asus N53S,Improve,,
IT-011447,Lenovo T520,Does not turn on,,Fault diagnosis with complete disassembly of the device
IT-011424,Acer AN515-57,SSD + Cleaning +OS,,"Replacement / installation / addition of SSD, HDD, RAM (random access memory), DVD, etc. WITHOUT complete disassembly of the device, Cleaning, prevention of the cooling system, replacement of phase transition thermocouples (factory) (lev VII), Windows and software recovery"
IT-011431,Asus RC71L,replace ssd and replace thermal paste,"Conclusion: replacing thermal paste, installing SSD, duplicating the disk",
IT-011423,Asus TUF506QE,Cleaning + SSD,,"Cleaning, prevention of cooling system, replacement of thermoelements (lev IV)"
IT-011422,Acer AN515-57,Cleaning + SSD,,"Cleaning, prevention of cooling system, replacement of thermoelements (lev IV)"
IT-011421,Dell E5540,Improve,,"Cleaning, prevention of the cooling system, replacement of liquid metal and thermal interfaces (lev I), Restoring information from one HDD to another HDD, Replacing / installing / adding SSD, HDD, RAM (random access memory), DVD, etc. WITHOUT complete disassembly of the device"
IT-011502,Samsung SM-M336B/DS,display switch,,Replacing the display (module) of a smartphone/tablet/navigator
IT-011429,Asus FX506HC,"thermal paste replacement, diagnostics",Conclusion: no malfunctions detected,"Cleaning, prevention of cooling system, replacement of thermoelements (lev V)"
IT-011418,Acer E1-531G,Improve,,"Windows OS recovery with software package + Cleaning, laptop prevention with thermal interface replacement, Replacement / installation / addition of SSD, HDD, RAM (random access memory), DVD, etc. WITHOUT complete disassembly of the device"
IT-011477,HP 15,FAN Error + office activation,,"Original fan for HP 15-DW, 15-DU, 15S-DU laptop, 4pin (L52034-001) (Cooler), Cleaning, cooling system prevention, replacing thermoelements (lev IV), Microsoft Office activation"
IT-011413,AENO sc3,throws an error,,
IT-011453,Asus b1400c,"save data, save medoc backup, install windows 10",,"Windows and software recovery, Windows OS crash data recovery"
IT-011396,Kingston HMIQ1S,Not working,,
IT-011390,Samsung A326B,Display after flooding,,
IT-011391,Acer A515-43,Sound problems continued,,Windows and software recovery
IT-011383,Lenovo mix,installing windows os,,Windows and software recovery
IT-011380,Hp ProBook 455 G8,Cleaning,,"Cleaning, preventive maintenance of the cooling system, replacement of phase transition thermocouples (factory) (lev VII)"
IT-011377,Hp Pavilion 15,OS,,Windows and software recovery
IT-011419,Hp 15-eq1038ua,problems with wasps,,"Data recovery in case of Windows OS failure, Windows and software recovery"
IT-011420,Acer AN517-55,Add RAM,"Conclusion: Kingston FURY Impact DDR5 RAM module 32 GB KF548S38IB-32 326123Е1Е10000010649957002. This RAM does not work in the laptop. The laptop slots are working, other RAM initializes the BIOS.","Replacing/installing/adding SSD, HDD, RAM, DVD, etc. WITHOUT completely disassembling the device"
IT-011415,HP 240r,Does not turn on,,
IT-011464,HP 4540s,Does not turn on,Conclusion: 1 RAM slot does not work on 4Gb,"Firmware, reprogramming CMOS (BIOS) with desoldering of the microcircuit and disassembly of the device, Cleaning, prevention of the cooling system, replacement of thermoelements (lev I)"
IT-011455,Nokia ta-1016,unblock,,Google account unlocking
IT-011375,Hp Pavilion 15,OS,,Windows and software recovery
IT-011374,HP 15,blue screen,,"Cleaning, preventive maintenance of the cooling system, replacement of phase transition thermocouples (factory) (lev VII)"
IT-011452,HP 15,OS+charging,,Windows and software recovery
IT-011371,Asus x550l,"cleaning, replacing thermal paste, os, checking the speakers",,"Windows and software recovery, cleaning, cooling system prevention, replacement of thermoelements (lev III)"
IT-011367,Asus g752v,"The beeps, sound, and keyboard backlight do not work.",,
IT-011392,Lenovo Legion 5,after water,,"Cleaning, prevention of the cooling system, replacement of phase transition thermocouples (factory) (lev VII), Flushing the keyboard keys"
IT-011356,kiano intect x2,does not turn on,"Conclusion: power supply controller shorted, no RF",
IT-011348,Asus 19v 1.5a,Cable replacement,,
IT-011376,Hp Pavilion 15,OS,,Windows and software recovery
IT-011341,Lenovo Z510,Improve,,"Windows OS recovery with software package + Cleaning, laptop prevention with replacement of thermal pads"
IT-011349,Dell Precision 7750,"prevention, test RAM",,Turnkey Windows recovery + Comprehensive online maintenance of OS and software for 3 months
IT-011389,Redmi 7,Battery replacement,,Restoring the device with functional diagnostics
IT-011433,Acer A515-43,Sound problems continued,,
IT-011372,beats pink,the right one is not working,,
IT-011361,POCO M2012K11AG,"does not turn on, after discharging to 0, it turns on for a very long time",,
IT-011337,Lenovo Ideapad 3,Gives a blue screen,Conclusion: BIOS firmware + RAM,
IT-011331,Xiaomi Mi Notebook Pro 14.0,Sometimes the cooler makes noise + cleaning,,
IT-011336,Acer A515-43,Sound problems,,
IT-011327,Dell Latitude 3450,upgrade + larger storage media,,
IT-011326,Xiaomi Mi Notebook Pro 15 Ryzen Edition 2021,Cleaning,,
IT-011323,Dell E5430,Restore OS,,
IT-011328,Lenovo 15,Matrix replacement,,
IT-011316,AENO ARC0002S,spinning in place,,
IT-011311,HP 4540s,Battery + OS + Cleaning,,"Windows OS recovery with software package + Cleaning, laptop prevention with replacement of thermal pads"
IT-011310,AENO ARC0002S,"spinning around, error",,
IT-011283,Asus F5555UJ,Cooler cleaning + replacement,Conclusion: faulty power supply,"Cleaning, prevention of the cooling system, replacement of thermoelements (lev II), Installation, replacement of cooling (radiator, cooler) of the device"
IT-011307,Asus GL703VM,Shutting down,,
IT-011300,Hp pavilion 17,cleaning+replacing thermal paste+axis,,"Windows OS recovery with software package + Cleaning, laptop prevention with replacement of thermal interfaces, CMOS (BIOS) firmware of the computer with software resources"
IT-011301,Acer AN517-55,Add RAM,,"Replacing/installing/adding SSD, HDD, RAM, DVD, etc. WITHOUT completely disassembling the device"
IT-011297,Apple A1990,flooded,,Fault diagnosis with complete disassembly of the device
IT-011279,Logitech G Pro X,not working,"Conclusion: CPU (main controller) failed, beyond repair",Fault diagnosis with complete disassembly of the device
IT-011296,Lenovo Legion 5,"thermal paste replacement, cleaning, cooler replacement",,"Cleaning, prevention of cooling system, replacement of thermoelements (lev IV)"
IT-011276,Apple iPhone X (A1901),Replacing the back cover + re-plying the module,,"Replacement of the display (module) of a smartphone/tablet/navigator, Replacement of the back cover of a smartphone"
IT-011273,Lenovo TB-J606L,Not charging,,"Replacement of connectors (power, audio, USB) of a phone, tablet"
IT-011295,Asus Q528E,Doesn't turn on or charge,,Restoring the device with functional diagnostics
IT-011271,Xiaomi Redmi,Connector replacement,,
IT-011293,Dell T1600,Not loading,,"Windows OS recovery with software package + Cleaning, laptop prevention with replacement of thermal pads"
IT-011266,HP 15,OS + cleaning,,"Cleaning, prevention of the cooling system, replacement of thermoelements (lev I), Windows / MacOS / Linux OS recovery, etc."
IT-011265,Apple A2270,Button + black glass,,
IT-011282,Asus G713PV,Cleaning + OS,,"Windows OS recovery with software package + Cleaning, laptop prevention with replacement of thermal pads"
IT-011262,Asus GL703VM,Cleaning,,"Cleaning, prevention of the cooling system, replacement of thermoelements (lev IV), Replacement, restoration, repair of laptop hinges"
IT-011260,Acer A515-52G,cooler+keyboard and display frame,,Restoring the device with functional diagnostics
IT-011257,Lenovo Ideapad 5 PRO,Laptop prevention,,"Cleaning, preventive maintenance of the cooling system, replacement of phase transition thermocouples (factory) (lev VII)"
IT-011251,Acer Aspire 5,matrix,Conclusion: Matrix Replacement,
IT-011246,HP 250,Improve,,"Windows OS recovery with software package + Cleaning, laptop prevention with replacement of thermal pads, Replacement / installation / addition of SSD, HDD, RAM (random access memory), DVD, etc. with complete disassembly of the device"
IT-011241,Motorola XT2307-1,display replacement,Conclusion: Original MFs are not available for order (,
IT-011238,Apple A2270,White glass replacement,,Replacing the display (module) of a smartphone/tablet/navigator
IT-011229,Smartwatch Atlas,Does not turn on,,Restoring the device with functional diagnostics
IT-011235,Asus K750JB,"Cleaning, OS",,"Windows OS recovery with software package + Cleaning, laptop prevention with replacement of thermal pads"
IT-011234,Dell XPS 15 9560,Replacing the keyboard module,,Replacing a modular keyboard with complete disassembly of the device
IT-011215,Apple A2337,Flooded,,"Device recovery after exposure to moisture, dirt, and other foreign particles"
IT-011228,Lenovo 110-15ibd,no image,,Fault diagnosis with complete disassembly of the device
IT-011214,Apple 12 pro,"speakers, bybit, go to aliexpress, restore mail","Conclusion: AT COST - 6,740",
IT-011213,Shure MV7,Connector,,Restoring the device with functional diagnostics
IT-011222,HP 250,Improve,,"Windows OS recovery with software package + Cleaning, laptop prevention with replacement of thermal pads"
IT-011206,Apple 12,display replacement *,,Replacing the display (module) of a smartphone/tablet/navigator
IT-011204,Acer A715-42G-R3EZ,cleaning + keyboard cleaning,,"Cleaning, prevention of the cooling system, replacement of thermoelements (lev III), Restoration of the touchpad, other cursor control devices of the laptop"
IT-011242,Deluxe Black,Cleaning + OS VIRUSES (!!! Be sure to save INFORMATION from the desktop and drive D to a flash drive) + Antivirus. OS - license + repair or replace the humming cooler,,"Windows OS recovery with software package + Cleaning, laptop prevention with replacement of thermal pads"
IT-011184,Lenovo Ideapad Gaming 3,Cleaning,,"Cleaning, prevention of the cooling system, replacement of thermoelements (lev V), Installation, replacement of cooling (radiator, cooler) of the device"
IT-011191,Apple iPhone,battery replacement,,Battery replacement with complete disassembly of the device
IT-011183,Asus K55V,improve,,"Windows OS recovery with software package + Cleaning, laptop maintenance with replacement of thermal pads, Replacement of modular keyboard with complete disassembly of the device"
IT-011170,Lenovo Ideapad Gaming 3,Cooler replacement,Conclusion: Replacement of two coolers on GPU and CPU + Cleaning with replacement of thermal interfaces with phase transition. It was necessary to replace.,"Installation, replacement of cooling (radiator, cooler) of the device, Cleaning, prevention of the cooling system, replacement of phase transition thermocouples (factory) (lev VII)"
IT-011169,Asus K55VD,Improve,,"Windows OS recovery with software package + Cleaning, laptop prevention with replacement of thermal pads, Replacement / installation / addition of SSD, HDD, RAM (random access memory), DVD, etc. with complete disassembly of the device"
IT-011194,Xiaomi Redmi Note 4X,It's warming up.,,
IT-011162,Asus X302U,The screen is blinking on a new battery,,"Cleaning, prevention of cooling system, replacement of thermoelements (lev II)"
IT-011159,Dell 3520,does not turn on,,"Cleaning, prevention of the cooling system, replacement of thermoelements (lev IV), Reassembly with disassembly of the device with reconnection of all components (modules, cables, etc.)"
IT-011156,Asus G771JW,Freezes,"Conclusion: The video card is burned out, disabling the video card using software, for correct operation, the MP needs to be replaced - UAH 5,500. cost of the fee",Disabling the video card using software
IT-011155,Lenovo A340,Roofing Pros - restore the program,,
IT-011292,Apple A1893,Unblock,,
IT-011150,Sony ps vita,battery replacement,,Restoring the device with functional diagnostics
IT-011145,Dell 15,Battery replacement,,
IT-011198,Samsung SM-T585,Not working,,"Replacement of connectors (power, audio, USB) of a phone, tablet"
IT-011140,Lenovo Ideapad 5,oc+ is not turning on properly,Conclusion: Only replacing the MP +- 7 thousand.,Fault diagnosis with complete disassembly of the device
IT-011123,Xiaomi Redmi Note 8T,Unblock,,
IT-011119,Apple A1311,Put MacOS + Windows,,"Windows and Software Recovery, Windows/MacOS/Linux OS Recovery and etc., OS Setup"
IT-011128,Apple 15,Remove password,,
IT-011115,HP RTL8821CE,hangs,Conclusion: No problems found ((( Works without freezing (((,
IT-011114,FRIME black-blue,wasp,,Windows/MacOS/Linux OS recovery and more.
IT-011117,Asus FX506LU,"Cleaning, wasps",,"Windows OS recovery with software package + Cleaning, laptop prevention with replacement of thermal pads"
IT-011110,HP EliteBook x360,The touchscreen is not working.,,Windows and software recovery
IT-011099,Hp 15s-fq5000ua,The keyboard stops working periodically.,"Conclusion: Keyboard cable attachment, 3 bends","Reassembly with disassembly of the device with reconnection of all components (modules, cables, etc.)"
IT-011105,Asus G771JW,"Battery, Cleaning, OS, touch pad stops working",,"Windows OS recovery with software package + Cleaning, laptop prevention with replacement of thermal pads, ASUS laptop battery"
IT-011103,Lenovo Ideapad Gaming 3,ssd+RAM+cleaning,,"Cleaning, prevention of cooling system, replacement of thermoelements (lev V)"
IT-011109,Gamemax Black,Cleaning,,"Cleaning, prevention of cooling system, replacement of thermoelements (lev IV)"
IT-011085,Vento A8,"Cleaning, OS",,"Windows OS recovery with software package + Cleaning, laptop prevention with replacement of thermal pads"
IT-011097,MSI GE76,"cleaning, replacing thermal paste",,
IT-011089,HP G6,Keyboard replacement,,
IT-011084,Acer E732G,"Look at the SSD (under warranty), cooler",,"Installation, replacement of cooling (radiator, cooler) of the device, Windows OS recovery with software package + Cleaning, laptop prevention with replacement of thermal interfaces"
IT-011080,Apple A1398,"System does not start after crash, save data",,
IT-011071,Dell Vostro 14,SSD + OS,,"Windows OS recovery with software package + Cleaning, laptop prevention with replacement of thermal pads"
IT-011067,Apple MacBook Pro,"Flooded, disassemble and check if there is liquid in the laptop",,"Urgent diagnostics of device malfunction, Cleaning, blowing the device with compressed air from dust and other substances with complete disassembly of the device, Disassembly / assembly of the Apple laptop and inspection for traces of flooding"
IT-011079,Lenovo S145-15API,"OS, Save data",,Windows and software recovery
IT-011066,Logitech F310,The b button does not work.,,
IT-011065,Medion E4251,The camera is not working.,,
IT-011060,Hp 430 g5,hangs,Conclusion: CPU problem,
IT-011059,HP 650 G1,ssd windows ram,,
IT-011057,Lenovo Ideapad Gaming 3,The display in the system does not work.,,
IT-011048,Asus 15,Matrix replacement,,
IT-011039,Acer A517-51,No. IT-010941 is the same,,"Windows OS recovery with software package + Cleaning, laptop prevention with replacement of thermal pads, Replacement / installation of SSD laptop / PC (HDD to SSD, etc.)"
IT-011024,Asus M1502I,"Flooded, turns on. Wash the left side of the keyboard",,"Device recovery after exposure to moisture, dirt, and other foreign particles"
IT-011013,Retroflag GPi CASE 2,"Something is hanging around inside, clean the dust between the screen and the case","Conclusion: Gluing the battery, matrix, cleaning (Nothing worked, problem with the glass)",Restoring the device with functional diagnostics
IT-011004,Asus UX563F,coffee-soaked thermal paste replacement,,"Cleaning, prevention of the cooling system, replacement of thermoelements (lev IV), Keyboard washing with disassembly of keys"
IT-011012,Apple A1534,Keyboard and trackpad not working,,
IT-010982,Jbl black,not turning on not charging,,Restoring the device with functional diagnostics
IT-010972,Asus FA507NU,Improve + Clean,,"Cleaning, prevention of cooling system, replacement of thermoelements (lev VII)"
IT-010966,HP 15,There was no backlight. There was a stripe on the screen.,,
IT-010962,Acer A315-24P,The sound suddenly disappeared.,,"Cleaning, preventive maintenance of the cooling system, replacement of thermoelements (lev III)"
IT-011049,Asus X550VC,Turns off and freezes,,
IT-010949,Huawei MediaPad M3 Lite,flash linage os,,
IT-011009,Asus G550JK,Does not have WI-FI,,
IT-010990,Acer Black,"It keeps rebooting itself, blue screen and won't turn on",,Windows and software recovery
IT-010985,HP 15,"Motherboard replacement, RISKS approval.",,Restoring the device with functional diagnostics
IT-010945,Asus X512D,Improve,,"Windows OS recovery with software package + Cleaning, laptop prevention with replacement of thermal pads"
IT-010969,Lenovo iOQ 15IAX9I,oh,,Windows and software recovery
IT-010967,HP 250 G6,OS+SSD+ OPERATIVE,,"Windows and software recovery, Laptop/PC SSD replacement/installation (HDD to SSD, etc.)"
IT-010960,Acer ANV15-51,Matrix replacement,,
IT-011015,Asus R415JA,Not loading,,"Windows OS recovery with software package + Cleaning, laptop prevention with replacement of thermal pads"
IT-011020,Black Black,Not loading,,"Windows and software recovery, Installation, replacement of computer RAM, Recovery, firmware, reprogramming CMOS (BIOS)"
IT-010928,MSI 17,Cleaning,,
IT-010924,Gigabyte AERO 16,Cleaning,,"Cleaning, prevention of cooling system, replacement of thermoelements (lev VII)"
IT-010921,Samsung Galaxy Tab S6 Lite,display glass replacement,,Replacing the display (module) of a smartphone/tablet/navigator
IT-010909,AENO ARC0003S,lidar is not working,,
IT-010903,Dell Precision 7780,Keyboard and liquid metal replacement,,
IT-010902,QNAP TS-251,does not turn on,,Diagnostics with complete disassembly of the device
IT-010901,AENO ARC0002S,wet cleaning does not work,,
IT-010897,axes line black,upgrade x2 ssd 1 ram 2gb ddr3,,"Laptop/PC SSD replacement/installation (HDD to SSD, etc.)"
IT-010892,Asus x55v,frame+cover replacement,,Restoring the device with functional diagnostics
IT-010891,Apple A2141,keyboard replacement,,Keyboard replacement with complete disassembly of the device (module or assembly)
IT-010887,xdobo gray-orange,not charging,,
IT-010947,Acer 17,Shutting down,,
IT-010939,Samsung Galaxy A25,Unblock,,
IT-010879,HP 15,OS,,Windows and software recovery
IT-010935,Acer AN515-45,SSD cleaning and installation,,"Cleaning, prevention of cooling system, replacement of thermoelements (lev II)"
IT-010936,Asus x507ub,"replacement of terpasta + plus diagnostics (does not turn on without charging, behaves differently on battery)",,"Cleaning, preventive maintenance of the cooling system, replacement of thermoelements (lev III)"
IT-010932,Lenovo Legion 5,Cleaning,,"Cleaning, preventive maintenance of the cooling system, replacement of thermoelements (lev III)"
IT-010953,Lenovo G700,Keyboard replacement,,
IT-010873,HP 245,Restore 10,,
IT-010872,Lenovo Ideapad Gaming 3,"SSD, OS, cleaning",,"Windows OS recovery with software package + Cleaning, laptop prevention with replacement of thermal pads"
IT-010944,Asus Q408UG,motherboard replacement,,
IT-010915,Lenovo 530s-14ikb,battery replacement (other supplier) + cleaning + cleaning the disk from debris,,
IT-010883,Redmi NOTE 8,firmware,,
IT-010878,HP 15,OS,,
IT-010877,HP 15,OS,,
IT-010868,Asus X515FA,OS recovery,,
IT-010867,Lenovo Ideapad 5 PRO,Cleaning,,
IT-010864,Apple A1278,Does not turn on,,
IT-010860,Asus FX506HM,Does not turn on,,
IT-010848,Asus M1605Y,flooding,,
IT-010847,HP 650 G1,"and it doesn't print in ArchiCAD, the fan is humming, there is a problem with the files in the email.",,
IT-010842,Motorola XT2345-3,Unblock,,
IT-010836,Apple A2289,Touchbar problem,,"Restoring the device with functional diagnostics, cleaning, cooling system maintenance, replacing thermoelements (lev IV)"
IT-010810,Lenovo 15,Cleaning,,"Cleaning, washing the printer from dirt, toner, paint, etc., gluing the glass of a fitness watch"
IT-010845,HP 16,Does not turn on,Conclusion: Replacing the MP,
IT-010835,Apple A1990,Replacing the key and drying the keyboard,,"Keyboard replacement with complete disassembly of the device (module or assembly), Cleaning, cooling system maintenance, replacement of thermoelements (lev IV)"
IT-010827,Amazon Fire HD 10,Ukrainianize and install play services and youtube,,"Working with device software (Firmware, update, unlocking)"
IT-010822,Acer AN515-45,Cleaning,,"Cleaning, prevention of cooling system, replacement of thermoelements (lev VII)"
IT-010819,Teclast M40S,does not turn on,Conclusion: a non-working chip is responsible for image output,
IT-010801,Blackview Tab 12,Remove frp,,"Working with device software (Firmware, update, unlocking)"
IT-010792,Dell Vostro 3500 15,Installing the axles,,Windows and software recovery
IT-010841,Lenovo Ideapad 5,Broken matrix,,"Laptop matrix (display) replacement, cooling system cleaning, prevention, replacement of thermal elements (lev III)"
IT-010815,Asus 19v 6.32a,cable replacement,,Replacing the cable in the laptop power supply
IT-010798,Xiaomi Mi A2 Lite,Firmware,"Conclusion: Firmwares are not installed via edl, there is a problem with some memory sections",
IT-010804,Lenovo E540,keyboard,,Restoring the device with functional diagnostics
IT-010787,Xiaomi Air 13.3,"Cooler is noisy, cleaning",,"Cleaning, prevention of cooling system, replacement of thermoelements (lev VII)"
IT-010781,Acer AN515-55,does not charge new battery,,
IT-010783,Apple A1708,Standing on the street,,
IT-010776,Hp ProOne 245,"It won't turn on, important information",,
IT-010755,Marshall Major 4,"Doesn't hold a charge well, Bluetooth doesn't work well",Conclusion: Replacing the internal cable,
IT-010752,Dell Precision 7780,Keyboard replacement with warranty retention,,
IT-010749,AENO RC3S,Not working,,
IT-010764,Apple A1990,"Does not turn on, the laptop did not turn on before",Conclusion: Short circuit on the board.,Diagnostics with complete disassembly of the device
IT-010758,Lenovo 100-15IBD,OS recovery and SSD installation,,Windows and software recovery
IT-010730,Apple A3113,Keyboard cleaning,,"Device recovery after exposure to moisture, dirt, and other foreign particles"
IT-010732,Lenovo T480S,battery problem,,Original battery for LENOVO laptop + replacement
IT-010723,Redmi m2007j17c,firmware,,
IT-010736,HP 16,Laptop prevention,,"Cleaning, prevention of cooling system, replacement of thermoelements (lev VII)"
IT-010731,Samsung a21s,cleaning,,Cleaning the smartphone
IT-010729,Acer 5750G,Improve as much as possible,,"Replacing / Adding RAM to a laptop, Restoring Windows OS with a software package + Cleaning, laptop prevention with replacing thermal pads, Replacing keys in the keyboard"
IT-010719,Asus K53U,SSD + OS,,
IT-010721,Acer XZ242Q,Washed with a damp cloth,,Diagnostics with complete disassembly of the device
IT-010711,Samsung P5200,"Extract information, connector replacement",,"Charging connector repair (smartphone, tablet, etc.), Data recovery"
IT-010714,Asus G512LI,Add SSD,,"Laptop/PC SSD replacement/installation (HDD to SSD, etc.)"
IT-010715,Acer SF314-59,Cleaning,,"Cleaning, prevention of cooling system, replacement of thermoelements (lev IV)"
IT-010693,Valve Steam deck,installing windows os,,Windows and software recovery + comprehensive ON-LINE maintenance (3 months)
IT-010710,Asus FX516PC,SSD + RAM + COOLER + CLEANING,,"Cleaning, prevention of cooling system, replacement of thermoelements (lev IV)"
IT-010702,Acer ANV15-51,Deliver SSD,,"Laptop/PC SSD replacement/installation (HDD to SSD, etc.)"
IT-010814,HP 15,Clean + add SSD + OS,,"Cleaning, cooling system maintenance, replacement of thermoelements (lev III), Windows and software recovery"
IT-010709,Asus ROG Ally,"I was playing yesterday and suddenly the charging stopped, I tried to reboot but without success, the console worked but the indicator was not charging, it also did not light up, In the morning it did not turn on at all, even from the battery, although it could not discharge so quickly",,
IT-010678,Lenovo G505,for browser use only,,
IT-010690,Lenovo E15,Cooler replacement,,Laptop cooling system replacement/repair
IT-010672,Asus UX325E,The cooler is not working.,,
IT-010680,LG 27UP850,type-c replacement,"Conclusion: due to the design features of the connector mounting and the broken tracks on the board, installing the connector is impossible",Diagnostics with complete disassembly of the device
IT-010665,Google Pixel 4a,Glass replacement,,
IT-010666,Apple 13 Pro,Module replacement,,
IT-010720,Lenovo E15,OS,,Windows and software recovery
IT-010718,Acer A515-43,OS + cleaning,,"Windows OS recovery with software package + Cleaning, laptop prevention with replacement of thermal pads"
IT-010675,Acer AN515-43,It takes a long time to log in and doesn't log into the account right away.,,"Windows OS recovery with software package + Cleaning, laptop prevention with replacement of thermal pads"
IT-010670,Asus F509UB,Cleaning,,"Cleaning, prevention of cooling system, replacement of thermoelements (lev II)"
IT-010645,Apple A1398,Not charging,,
IT-010643,AENO AEK0007S,"The water boils at 92-94 degrees (according to the display on the kettle), after which it turns off and turns on again in a few seconds (it can turn on 1, 2 or 3 times). It heats up to 98 (according to the display on the kettle), then stands for another 5-7 seconds until it shows 100 degrees and then gives a sound signal. After boiling for a couple of seconds, the temperature from 100 degrees shows 95, but if you turn it on again immediately, it shows 100 and does not heat the water anymore.","Conclusion: The stated malfunction was not detected, the device, sensors and interfaces are working properly. What the client indicated as a malfunction is actually normal operation of the device (this is how it brings the water to the exact temperature). The client also indicated that ""After boiling for a couple of seconds, the temperature from 100 degrees shows 95, but if you turn it on again immediately, it shows 100 and does not heat the water anymore"", the device allows the smog to ""boil"" the water even at 95 degrees.",
IT-010641,Dell 5520,Hinge restoration,,"Replacement, restoration, repair of laptop hinges"
IT-010650,Asus FX506HM,Matrix replacement,,
IT-010646,Lenovo Ideapad 1,Defects on the screen,,Replacing the laptop matrix cable
IT-010630,Acer ANV15-41,Matrix replacement,,
IT-010632,Dell P124F,Cleaning,,"Cleaning, prevention of the cooling system, replacement of liquid metal and thermal interfaces (lev II)"
IT-010638,Lenovo Ideapad 3,cleaning + wasp,,"Cleaning, cooling system maintenance, replacement of thermoelements (lev III), Windows and software recovery"
IT-010637,Lenovo Legion 5,In the description,"Conclusion: Floating problem, preliminary ""dump""",
IT-010623,Samsung SM-S711B/DS,Unblock,,
IT-010629,Cash Register POS Sector,Install Windows 10,,
IT-010626,Lenovo ThinkPad T410s,OS recovery,,
IT-010655,Acer AN515-55,Battery cleaning+replacement,,
IT-010625,Lenovo 15 GT ITL,Install Linux Mint + rdp + nordVPN,Conclusion: inux mint and vpn services and remmina + rdp connection,"Windows/MacOS/Linux OS recovery, etc."
IT-010607,ProLogic Black,"Install SSD + SATA + BIOS battery, system",,
IT-010602,Apple A1990,mdm,,Restoring the device with functional diagnostics
IT-010608,Lenovo 15,"The keyboard is partially not working, I want it cleaned, the thermal paste changed and a HDD from an old laptop inserted.",,
IT-010611,Hp probook,does not turn on,,
IT-010594,Microsoft Surface,It shows an error.,,
IT-010596,Acer A515-58M,Does not turn on,,
IT-010640,HP 17,"Does not turn on, save data",,"Used battery, Cleaning, cooling system maintenance, replacement of thermoelements (lev I), Battery replacement with complete disassembly of the device"
IT-010590,Lenovo 15,Improve,,"Windows OS recovery with software package + Cleaning, laptop prevention with replacement of thermal pads"
IT-010582,HP 4540s,Improve,,
IT-010604,Dell P89F,cleaning,,"Cleaning, prevention of cooling system, replacement of thermoelements (lev VII)"
IT-010585,Samsung A546E,Remove lock,,
IT-010591,Apple A1990,mdm,,Restoring the device with functional diagnostics
IT-010589,Samsung Galaxy A01,Not charging,,Restoring the device with functional diagnostics
IT-010576,Acer AN515-57,Cleaning,,"Cleaning, prevention of cooling system, replacement of thermoelements (lev VII)"
IT-010575,HP 15,"OS, Restoration, cleaning",,Restoring the device with functional diagnostics
IT-010613,Lenovo Legion 5,office cleaning and installation,,
IT-010563,Sony PS4,Cleaning,,
IT-010571,HP 15,Does not turn on,,
IT-010556,Hp 15-bw564ur,Improve,,"Windows OS recovery with software package + Cleaning, laptop prevention with replacement of thermal pads"
IT-010569,Asus FA506IU,Cleaning,,
IT-010555,HP 15s,"Battery lock, + SSD (if necessary to replace) + OS + prof + SAVE DATA IF POSSIBLE",,
IT-010568,Acer Extenza 2519,Not charging,,
IT-010549,Acer Aspire 3,Prevention,,
IT-010536,Lenovo G565,Keyboard cleaning + replacement,,Restoring the device with functional diagnostics
IT-010542,HP 15t,Cleaning,,"Cleaning, prevention of the cooling system, replacement of thermoelements (lev III), Restoration of the device after ingress of moisture, dirt and other foreign particles"
IT-010530,Redmi XMA2011-CJ,Does not turn on,,Restoring the device with functional diagnostics
IT-010517,Lenovo Ideapad 1,prevention wax removal,,"Cleaning, prevention of the cooling system, replacement of thermoelements (lev II), Replacement of the keyboard with complete disassembly of the device (module or assembly), Replacement, restoration, repair of laptop hinges"
IT-010510,Asus zenbook,prevention,,"Cleaning, prevention of cooling system, replacement of thermoelements (lev IV)"
IT-010505,Logic power Black,"no image visible, update office",,"Windows and software recovery, Installing an HDD/SSD in an external pocket"
IT-010500,Asus FX506HCB,Ssd Cleaning + replacement of thermal interfaces,,"Cleaning, prevention of cooling system, replacement of thermoelements (lev V)"
IT-010499,Asus UX334F,not charging,,
IT-010554,Toshiba L50-B-1NL,"Turns off, + ssd + ram",,"Windows and software recovery, Replacing / Adding RAM to a laptop, Installing, replacing the cooling (radiator, cooler) of the device"
IT-010553,Pocketbook 623,"Swollen battery, check screen for malfunction",,Diagnostics with complete disassembly of the device
IT-010498,Lenovo 320-15IAP,Improve,,"Windows OS recovery with software package + Cleaning, laptop prevention with replacement of thermal pads"
IT-010528,Acer AN515-42,Cleaning,,"Cleaning, prevention of cooling system, replacement of thermoelements (lev VII)"
IT-010525,Acer A715-42G,upgrade deliver ssd,,Diagnostics with complete disassembly of the device
IT-010523,Samsung m52,replaced the connector,,Diagnostics with complete disassembly of the device
IT-010484,Toshiba L50-B-1NL,"When moving, the screen darkens + cleaning",,Restoring the device with functional diagnostics
IT-010518,Lenovo Legion 5,Prevention find disk d Increase disk c to 150,,"Cleaning, preventive maintenance of the cooling system, replacement of thermoelements (lev III)"
IT-010480,Lenovo S145-15IGM,Hanging on the screensaver,,
IT-010474,Lenovo G585,order battery,,
IT-010472,Kingston 16gb,data recovery,,
IT-010471,Acer ANV15-51,"Doesn't turn on, one day after purchase",,
IT-010469,MSI MS-179C,disk replacement,,"Windows OS recovery with software package + Cleaning, laptop prevention with replacement of thermal pads"
IT-010511,Lenovo Legion 5 Pro,Laptop prevention,,"Cleaning, prevention of cooling system, replacement of thermoelements (lev IV)"
IT-010465,Dell 15,The cooler does not spin up.,,"Installation, replacement of cooling (radiator, cooler) of the device"
IT-010459,Lenovo G500,Improve,,
IT-010456,Dell Latitude 5580,does not turn on,,
IT-010449,Acer C24-1650,reinstall adobe illustrator/photoshop/in design/acrobat,,
IT-010448,HP ProBook 445,matrix replacement,"Conclusion: Laptop after physical damage. Broken laptop matrix, damaged laptop case, to return to its previous working and visual condition, it is necessary to replace the laptop matrix (display), keyboard module and screen case",
IT-010497,Asus X515E,matrix. battery,,"Restoration of device connectors with complete disassembly (power, audio, USB), Replacement of laptop matrix cable, Cleaning, prevention of cooling system, replacement of thermoelements (lev III)"
IT-010520,Microsoft Surface,wifi is not working,,Diagnostics with complete disassembly of the device
IT-010490,Asus X555SJ,Improve,,"Windows OS recovery with software package + Cleaning, laptop prevention with replacement of thermal pads"
IT-010515,Apple A1708,matrix loop prevention,,
IT-010446,HP 15,Not responding,,
IT-010461,HP 14,"Turns on, doesn't boot",,"Windows OS recovery with software package + Cleaning, laptop prevention with replacement of thermal interfaces, CMOS (BIOS) firmware of the computer with software resources"
IT-010433,Apple A1398,"Cleaning, dirty charging",,"Cleaning, prevention of cooling system, replacement of thermoelements (lev V)"
IT-010425,Dell P35F,Battery replacement,,Battery replacement
IT-010452,Apple 10,password,"Conclusion: Done. Unfortunately, all data could not be restored due to Apple security issues.","Working with device software (Firmware, update, unlocking)"
IT-010445,Acer A315-55,cleaning,,"Cleaning, prevention of cooling system, replacement of thermoelements (lev II)"
IT-010438,Epson L3256,Wi-Fi won't connect,,
IT-010412,Apple A2485,Keyboard flushing by button,,"Device recovery after exposure to moisture, dirt, and other foreign particles"
IT-010420,borophone bj22a,lightning is not working,,
IT-010453,Lenovo V580C,OS activation + office cleaning,,"Cleaning, prevention of cooling system, replacement of thermoelements (lev I)"
IT-010409,Dell E6440,Not loading,,"Windows and software recovery, Cleaning, cooling system prevention, replacing thermal elements (lev I), Replacing / installing SSD laptop/PC (HDD to SSD, etc.)"
IT-010408,Asus M1603I,Cleaning,,"Cleaning, preventive maintenance of the cooling system, replacement of thermoelements (lev III)"
IT-010403,Asus X551CA,Improve,,"Windows OS recovery with software package + Cleaning, laptop prevention with replacement of thermal pads"
IT-010399,Chuwi GemiBook Pro,Does not turn on,,"Windows and software recovery, Laptop/PC SSD replacement/installation (HDD to SSD, etc.)"
IT-010435,Acer AN515-43,"Cleaning, OS-11",,"Windows OS recovery with software package + Cleaning, laptop prevention with replacement of thermal pads"
IT-010397,Acer VG240Y,Bad image,Conclusion: Matrix replacement,
IT-010454,Dell P35F,office activation,,Installing Microsoft Office
IT-010458,Logic power Black,Freezes,,"Cleaning, prevention of cooling system, replacement of thermoelements (lev II)"
IT-010386,Dell Latitude 3420,Not charging,Conclusion: connector replacement + short circuit,Restoring the device with functional diagnostics
IT-010423,Acer E5-511G,Improve,,"Cleaning, prevention of the cooling system, replacement of liquid metal and thermal interfaces (lev I), Replacement / installation of SSD laptop / PC (HDD to SSD, etc.)"
IT-010387,Apple A1932,Does not turn on,,Restoring the device with functional diagnostics
IT-010421,OPTOMA DAXSZBST,turns off after the lamp heats up,,
IT-010383,Asus FA707NV,Liquid metal replacement,,"Cleaning, prevention of the cooling system, replacement of liquid metal and thermal interfaces (lev I)"
IT-010372,Lenovo V15-ADA,With charging black screen and freezes,,
IT-010424,Acer E1-432P,Improve,,
IT-010410,DeepCool Black,Cleaning,,
IT-010406,Acer AN517-51,Keys stop working periodically,,
IT-010401,HP 15,Cleaning,,
IT-010392,MSI MS-16UB,Cleaning,,
IT-010384,Dell Vostro 3520,Does not turn on,,
IT-010374,Asus G533ZW,Cleaning,,
IT-010367,Lenovo V15-ADA,"Cleaning, OS",,
IT-010363,Anberninc RG351P,Not charging,Conclusion: no declared malfunction was detected,
IT-010359,Acer AN517-54,"Video card not working, MP replacement",,
IT-010354,Apple A1708,Battery replacement,,
IT-010337,Apple A1502,Does not turn on,Notes: pass 1111 Conclusion: Password 1111,Restoring the device with functional diagnostics
IT-010353,HP EliteBook 840,Matrix + OS + FineReader,,
IT-010222,HP 15,Gives errors,Conclusion: motherboard replacement,
IT-010188,Motorola 4021C,"Diagnostics, not working",,
IT-010350,Asus F5555UJ,"Powers on, no image. Save data.",Conclusion: faulty power supply,
IT-010150,Acer PHN16-71,Does not turn on,,
IT-010341,Acer AN515-58,Does not turn on,,
IT-09906,Acer UM.QX0EE.310,Stripes on the screen,,
IT-09984,Acer VG240Y,Stripes on the screen,"Notes: OSD lock was enabled, if it appears again, to turn it off: hold the joystick for 5 seconds Conclusion: OSD lock was enabled, if it appears again, to turn it off: hold the joystick for 5 seconds",
